filename,length,chroma_stft_mean,chroma_stft_var,rms_mean,rms_var,spectral_centroid_mean,spectral_centroid_var,spectral_bandwidth_mean,spectral_bandwidth_var,rolloff_mean,rolloff_var,zero_crossing_rate_mean,zero_crossing_rate_var,harmony_mean,harmony_var,perceptr_mean,perceptr_var,tempo,mfcc1_mean,mfcc1_var,mfcc2_mean,mfcc2_var,mfcc3_mean,mfcc3_var,mfcc4_mean,mfcc4_var,mfcc5_mean,mfcc5_var,mfcc6_mean,mfcc6_var,mfcc7_mean,mfcc7_var,mfcc8_mean,mfcc8_var,mfcc9_mean,mfcc9_var,mfcc10_mean,mfcc10_var,mfcc11_mean,mfcc11_var,mfcc12_mean,mfcc12_var,mfcc13_mean,mfcc13_var,mfcc14_mean,mfcc14_var,mfcc15_mean,mfcc15_var,mfcc16_mean,mfcc16_var,mfcc17_mean,mfcc17_var,mfcc18_mean,mfcc18_var,mfcc19_mean,mfcc19_var,mfcc20_mean,mfcc20_var,label
disco.00100.wav,661500,0.47091553,0.07293502,0.31746158,0.005070776,2147.1959811103416,279287.91781226196,2551.7229592907042,127586.0216986256,4993.286472946497,1879831.066602039,0.070289824,0.000613639,2.6312475e-05,0.05982206,0.000997229,0.014937945,112.34714673913044,-4.4710035,1505.2867,101.15687,547.8087,6.696106,140.661,22.15826,98.201096,5.3483477,32.25779,15.920356,30.381744,1.640218,31.201529,9.054865,18.44385,-0.14766581,27.10897,5.223528,20.51733,1.3149594,27.42502,5.8340163,24.585438,-1.2268896,26.496191,3.6479232,31.532913,-2.2615633,23.875309,3.5097172,26.419275,-2.905683,25.367348,0.28383845,21.312134,-2.0771852,21.065191,4.8899713,29.750164,disco
disco.00101.wav,661500,0.46994388,0.081002764,0.25936952,0.012557827,1934.711009063603,509712.9393951278,2294.597624080248,251826.8561212479,4303.573976876935,2778090.944093352,0.063770967,0.001135428,-3.09E-05,0.041698694,0.000248217,0.015308313,117.45383522727273,-68.218124,4173.0493,104.426506,1246.1198,-2.0150073,243.44627,32.87952,185.71515,8.792949,104.44542,13.202487,103.94267,1.0027217,74.709656,8.339771,65.5433,1.0653434,67.35307,5.4183764,49.98454,0.42160654,51.96013,7.4098773,40.57657,0.53403425,51.51491,3.377294,39.262558,1.0531927,40.453335,5.1485443,42.567173,0.60006285,37.634075,4.247986,30.870296,0.63040596,32.481266,4.2492485,35.30268,disco
disco.00102.wav,661500,0.546352,0.06861387,0.31574845,0.001919092,2938.879249535642,544701.7017875052,2987.464320541994,90631.56244220807,6576.293567385836,1799229.0011065346,0.078486676,0.001600662,-1.82E-05,0.06999602,-1.70E-05,0.013789699,123.046875,-16.782282,2123.8855,62.35956,487.45074,16.78365,170.95383,26.436647,91.74782,12.853663,60.42323,21.49951,53.768818,4.147497,59.92537,9.921961,60.16639,3.2540708,39.25768,10.055902,41.569206,4.671764,46.030766,8.68979,36.50677,4.9191055,51.884457,3.2243776,54.373653,-4.450854,37.960205,2.5164661,28.861835,-0.54523194,42.129967,2.1515844,40.279587,-2.2207446,38.48943,3.834317,44.85789,disco
disco.00103.wav,661500,0.37671763,0.09114235,0.27224803,0.012929828,1964.5306795989034,445711.4439334911,2318.575770693118,220264.2541382472,4256.099263950029,2713675.5688815187,0.078539208,0.001890295,5.5033715e-06,0.021948071,0.000245096,0.046819534,117.45383522727273,-66.906204,3944.3374,98.80855,860.59644,2.5712223,576.08246,29.278069,303.67227,11.297895,180.46593,12.692765,120.10328,-0.9390722,122.40484,4.792513,88.20865,-2.2917383,108.17306,2.9858012,117.0354,-4.116596,141.74768,-1.064567,104.45657,-9.527377,106.354454,-4.1593857,91.55208,-4.859252,109.20941,2.109227,87.71864,-2.4901702,69.6201,-2.2416542,73.23521,-3.6008506,81.4732,0.41897923,137.63634,disco
disco.00104.wav,661500,0.5223344,0.071497545,0.32561448,0.013831527,2688.203162788576,602572.7234479177,2823.4232121498812,93460.95519059636,6019.330268600039,2176317.970126379,0.10045706450754643,0.00348047,7.5046313e-07,0.06984386,0.00037216,0.021136748,117.45383522727273,-13.884687,3275.1719,71.78676,383.8212,10.427905,406.9021,25.042303,128.98767,6.9606857,113.56423,12.037607,79.20652,-1.4027972,86.58339,4.385231,113.42838,0.9326307,71.13242,5.972331,82.73668,-0.89869183,80.60955,4.4514446,55.893692,-1.5108643,58.334534,4.3180795,59.69812,-0.08532291,50.155674,3.9649606,51.46864,-1.5755713,55.042236,2.710782,29.266188,1.8823994,36.09303,6.703169,57.858746,disco
disco.00105.wav,661500,0.49217388,0.078884184,0.31093273,0.010177683,2654.041668955945,475090.12042908854,2724.576089396794,66685.59862201547,5859.722900390625,1601423.089088232,0.11043546221942724,0.003661074,-4.15E-06,0.044241462,-0.000396317,0.03231411,123.046875,11.189704,2215.2983,82.30575,485.657,4.218786,256.80743,12.619381,91.29552,-5.3626647,107.34513,13.034443,76.280624,-0.51504374,63.734386,4.1884146,59.387238,-4.4524918,45.482597,3.4398057,37.799095,-3.0763545,38.47248,3.6238523,43.395004,-2.8608897,29.770824,2.9259064,32.809532,-0.11800039,39.801094,4.72568,44.463776,-1.2846537,39.330124,2.3322392,30.306005,-2.9360964,26.239841,1.8216023,20.585438,disco
disco.00106.wav,661500,0.38373753,0.09329983,0.2961257,0.003857105,2279.9602279059536,365137.00967580813,2616.9708802586397,169865.1064161976,5224.368408958979,2481565.4024251816,0.067100879,0.000644987,-2.09E-06,0.062016767,-0.000260901,0.009185303,117.45383522727273,-37.465775,2368.6824,84.014854,547.4617,-1.0628084,276.3855,20.584267,114.60536,13.17194,102.116585,18.925705,58.52779,5.4899116,41.956047,16.011488,49.498917,7.9575157,36.717728,13.1104965,55.75034,2.5103908,58.586773,5.6904745,63.944756,0.08984226,70.206024,3.327888,42.80606,-2.6007895,40.115314,0.73285174,35.155766,-2.3270702,32.039783,0.5486642,36.15395,-3.65256,54.795002,-1.5286092,67.58184,disco
disco.00107.wav,661500,0.45292798,0.08275463,0.27604043,0.010600383,1829.9597556723697,666582.1817925655,2273.0364238565417,269414.69821812847,3978.767608,3793388.8744180873,0.060259272808630034,0.001512189,1.4176192e-06,0.046838023,0.000825733,0.020626146,89.10290948275862,-63.988407,4466.98,114.85901,1332.4923,16.229952,224.90654,27.336458,114.63992,5.68379,140.43622,16.984327,76.43739,-3.3444295,70.43128,4.753552,49.436707,-2.561977,52.90878,3.3542752,69.936264,-3.6892724,70.23958,0.99002576,41.54389,-2.6559708,39.99142,1.7265244,91.83782,-3.0146809,93.553856,0.14381357,62.05379,-2.1617153,41.463108,0.900867,31.022947,-1.2307785,62.347294,1.805168,62.364407,disco
disco.00108.wav,661500,0.4432773,0.092574,0.3509958,0.005263891,2370.400733893752,601422.686,2766.224995015393,186920.08599037564,5564.099687983746,3345766.737645765,0.074482165,0.002006789,-5.32E-06,0.0715718,-6.05E-05,0.025723882,117.45383522727273,-37.656105,2484.2942,82.64257,713.9639,15.878048,403.95462,27.640537,324.82138,15.588469,143.23306,4.949431,292.30566,-1.5474634,143.64488,9.116441,145.47429,-4.286213,153.19167,-1.640171,128.98907,-3.820977,86.52652,3.5534623,85.15871,-5.0403385,63.31105,3.5017219,91.52565,-1.3078738,115.63843,3.1835706,100.921074,-3.0085921,89.406204,3.3791084,90.04353,1.5792241,72.41853,7.55642,68.866005,disco
disco.00109.wav,661500,0.41237578,0.089333415,0.26895738,0.009166632,2357.1344808417825,697188.6225203902,2553.809004085301,254900.5141760073,5193.910259801906,3711682.3725571516,0.096297982,0.002506749,-4.21E-06,0.041564055,-0.000101245,0.020260599,107.6660156,-32.003197,3344.8801,93.554436,938.07043,0.9202209,382.73035,19.252497,174.33101,2.9378638,176.7905,9.996833,106.85289,-1.1963098,86.15953,2.3927011,72.66946,-3.0575485,69.35391,4.4696198,42.882732,-0.79594797,62.886574,3.673861,51.21026,-4.052888,45.871838,2.0321085,38.1442,-5.687357,43.24792,2.5521693,46.02543,-4.75295,32.99772,-2.8546102,45.285126,-7.452292,34.286903,-1.2562541,40.96217,disco
disco.00110.wav,661500,0.57556784,0.06573326,0.38288966,0.01695049,2576.4907571800204,1004326.3722639267,2679.970805677843,301682.4681150323,5778.6817237688665,3872006.7231463506,0.099067806,0.006942322,1.595097e-06,0.09204942,0.000327165,0.0338335,123.046875,3.2065468,4195.111,86.010345,1327.8287,5.5408597,373.6117,11.421401,236.71793,3.2770996,143.14406,21.980398,153.10764,-4.380523,127.88166,9.967684,103.29967,2.1984844,78.85258,2.0248177,81.25874,0.31307423,55.46295,8.944682,63.40002,2.7962742,64.65086,4.3476753,57.78426,1.0383931,47.914333,3.6309683,39.731308,-3.0952117,47.0948,2.4291956,36.248573,-1.2977229,32.62593,2.4228845,26.31787,disco
disco.00111.wav,661500,0.49789554,0.092575245,0.34242037,0.003397586,2372.142597376995,598456.4454793026,2758.5250398996127,165169.2168803233,5673.915690608069,2322515.0689977664,0.057404037,0.001381319,-1.10E-05,0.08514838,0.000298276,0.01271317,112.34714673913044,-30.6737,1742.7623,84.10598,585.1348,27.030832,261.11765,33.639477,123.361664,3.891778,68.55655,22.140417,49.987682,2.0718937,62.276737,9.294341,76.51658,-0.042325824,56.85606,10.507522,41.266644,-1.328843,45.20681,2.4945328,42.420475,0.7521059,40.04127,0.8040568,29.073463,-0.76379013,25.19293,6.4783826,27.487755,-1.8556464,39.49287,3.5815725,41.838085,0.9054378,29.411251,2.8212094,34.00802,disco
disco.00112.wav,661500,0.506574,0.08043284,0.2009147,0.015712302,2185.3059046256512,628217.0646979841,2401.803835697829,276861.2754797011,4771.429481152041,3360184.338491051,0.081317347,0.002688238,-4.62E-06,0.012180705,5.8145208e-05,0.031265046,123.046875,-73.11181,5225.4126,98.74473,1197.4635,-9.006969,496.4155,22.435783,135.74146,14.558473,94.73092,13.113565,65.7296,3.1110735,49.82932,14.509903,52.757557,1.3425593,53.355984,5.5024915,34.424267,0.20856194,47.37689,4.790552,29.829418,-3.1682208,35.372112,-1.0303147,39.458725,-1.8415198,30.500067,1.3605479,30.95437,-0.13136327,24.55222,1.0476959,27.426464,-0.69546133,33.57327,1.2369885,32.714893,disco
disco.00113.wav,661500,0.4745718,0.08920671,0.2573244,0.017404692,1872.0928890593373,410104.39604561107,2330.708019593429,376045.41755686974,4233.432734344766,3234373.1611327166,0.05347171,0.000998166,2.8378067e-06,0.052053094,0.000346809,0.015715534,112.34714673913044,-85.96251,2973.8699,109.74552,1151.8832,-8.416822,724.8916,15.288503,271.2195,10.580869,152.99245,9.5840025,157.19188,3.8643885,142.85585,5.9023557,104.95408,-0.20674284,77.93204,4.2975335,65.87542,2.1304588,50.718235,5.8661966,47.327095,1.0542264,43.38653,5.88522,52.179577,1.503385,42.631157,5.271807,44.223694,4.461401,43.4505,6.0308094,42.192135,-0.8842173,37.814434,0.9425851,35.901367,disco
disco.00114.wav,661500,0.46373543,0.08109853,0.3125275,0.009947494,1815.5216625288176,531174.4232297288,2159.8766171897355,313575.20526214846,3848.0433980746902,3269129.3711465746,0.070479544,0.001419147,1.8096303e-05,0.046416547,0.000562744,0.028347379,143.5546875,-25.69049,4442.693,123.14099,1264.5333,-9.283591,448.40625,13.273563,207.16046,-2.079752,124.91844,6.686504,76.38627,-2.789607,65.47898,4.540481,56.774055,1.2162538,59.623924,2.8646245,40.089184,0.7577176,46.76769,5.5930305,37.698986,-0.7008572,38.21801,3.7891169,37.09727,0.092309885,39.016773,1.2907735,38.69199,-2.984357,37.6291,-1.0680891,41.703495,-5.210228,41.12133,0.4641932,33.50225,disco
disco.00115.wav,661500,0.4374937,0.07159986,0.26482287,0.002048294,2103.8309047423786,262019.02567726458,2289.641319783419,138404.38507821437,4338.007101997871,1580669.5170909008,0.098528127,0.001105635,3.2999237e-06,0.039011583,-3.19E-05,0.011704087,117.45383522727273,-4.8474483,1554.3926,103.37551,644.11176,-15.655467,230.53671,25.83358,93.75495,10.443055,94.54257,9.625401,53.743435,-3.6396399,55.894,4.7433543,42.36517,-1.0416056,59.48305,1.8385248,39.88677,-6.565568,31.770971,-1.2699782,31.109066,-7.6219673,27.710058,-3.1434176,29.406513,-9.252025,32.166416,-1.4144157,27.076897,-4.7410536,31.220896,-0.7875858,28.068819,-4.55682,35.9902,-0.5120739,42.71335,disco
disco.00116.wav,661500,0.40112734,0.08658065,0.29909122,0.010281852,2359.42092,405471.9958102971,2702.184432178423,149594.16835084095,5527.4749094487715,2292477.1222001296,0.08231734,0.001164082,2.6338287e-06,0.05222791,-0.000208924,0.023359526,117.45383522727273,-32.80566,2545.2434,86.594246,586.7345,15.088837,202.6421,25.846996,195.60008,5.5574107,104.36781,16.275606,104.303734,1.2051945,69.82664,2.3503594,73.24019,-4.7508426,71.158875,-0.6700235,60.763634,-6.06089,70.333206,3.393536,62.690277,-6.890086,78.548416,4.128335,108.46319,-1.2486094,59.927643,3.4329557,98.47282,-6.2284327,113.94459,-3.0750363,84.99634,-8.832628,70.02669,-0.1481373,57.56631,disco
disco.00117.wav,661500,0.415824,0.086635046,0.23981497,0.010420798,2680.9948225831035,904927.2365873755,2743.866004555511,150526.5663716916,5834.039722359956,3568757.0399511317,0.12420370851876934,0.00689147,-1.41E-06,0.026833469,0.000178039,0.022020083,117.45383522727273,-39.211693,3363.6218,72.07008,1258.9485,1.2023051,567.3728,23.673605,349.19412,16.761683,143.4762,9.952405,101.41402,8.044206,132.83495,8.202257,72.675224,-5.700532,97.5932,-2.2794552,69.26091,-1.5488365,56.98723,0.89511526,69.7817,-3.2639754,47.449547,2.5689638,45.977505,-6.973119,84.18433,-1.3390559,45.493076,-3.4446814,37.1641,0.5681844,33.555862,-3.0202227,35.270817,-5.0018806,47.595676,disco
disco.00118.wav,661500,0.50777483,0.07701619,0.37113002,0.009906552,1895.0477911702944,459155.13594199816,2454.600883,243429.83941579983,4421.5732633513935,3342111.952401426,0.052994010618227554,0.001090528,-2.04E-05,0.08318581,0.00037111,0.031514622,123.046875,-28.345915,2823.3308,108.31488,750.91675,12.649977,230.47763,23.214796,117.26488,3.5569952,129.36299,8.3222685,54.92597,5.006092,53.580097,7.1056046,94.28884,4.337834,55.5659,6.864691,46.419098,-2.6357152,64.946175,-1.520048,82.92718,-2.4609525,39.6341,6.3896933,28.969234,-0.5788809,29.410301,1.602605,30.024036,-0.5238949,44.358826,-1.8941698,29.42245,-1.7629166,28.995924,5.2717533,53.526417,disco
disco.00119.wav,661500,0.38613757,0.09044218,0.2838344,0.010178196,1510.4970992663793,1131463.193231328,1630.9533207692525,1073816.1170936325,3106.7145474554954,5565258.371195647,0.070673042,0.003028606,3.2061507e-06,0.046092287,4.8127255e-05,0.018623477,117.45383522727273,-131.19388,20049.996,131.05367,3248.7422,28.31067,2887.5747,24.594221,489.22964,4.458987,339.7468,0.76480764,224.02568,-1.8618306,205.19176,3.6642516,127.29193,2.0775285,108.39945,3.6353865,99.94535,1.1759301,77.98996,6.2374873,79.58613,-0.40524113,105.69585,1.1623708,104.00762,0.097913474,75.192566,4.5853877,70.77735,-0.2675541,69.7641,0.8885856,52.929077,-2.3699796,92.021675,3.063631,82.936066,disco
disco.00120.wav,661500,0.54325676,0.06799682,0.3458407,0.006691782,2389.7057300662655,483928.61853517947,2692.6265990150127,122938.94716680456,5497.775089039522,2194586.763840696,0.078753114,0.002091341,2.6518164e-05,0.077630684,-1.74E-05,0.020948233,117.45383522727273,-1.4756796,1693.1823,88.262405,520.30884,9.603953,202.1831,21.85708,115.2255,1.0101254,44.996662,13.162465,104.50972,2.4804487,50.945072,9.12803,54.257004,4.663005,44.895985,8.847893,50.55359,1.6988102,44.97469,4.9504538,42.265614,-1.7310207,33.431927,5.3382516,34.719357,1.1642379,51.32145,7.164498,52.812653,0.03965693,46.949463,3.5941427,41.01247,-0.047161516,42.304844,-0.34273115,33.3239,disco
disco.00121.wav,661500,0.41001013,0.09138439,0.34148094,0.00791581,2361.7994955848067,623464.3000589124,2761.506587637143,121875.4835,5673.899024042183,2773449.374116288,0.070136764,0.001951611,3.341931e-05,0.059760883,0.001334139,0.028023565,117.45383522727273,-23.957651,2813.7673,90.55015,617.77594,22.702457,253.9613,13.695881,98.18811,1.3267387,157.32762,20.446161,80.1107,-2.1918795,80.99484,12.885912,91.22638,-2.7213004,54.885574,12.408691,63.171635,-4.503765,55.869747,4.8081503,47.09098,-2.38711,32.6782,-0.9121761,43.170883,1.1389158,43.95732,3.5942602,28.144035,-5.934317,46.453415,0.81724733,30.094198,-2.2432811,31.356539,2.1704974,26.506227,disco
disco.00122.wav,661500,0.3400557,0.09095309,0.24661635,0.002276124,2524.4982116779224,270184.5683887511,2634.008896701484,98709.66847243893,5583.449570977651,1301563.4150339353,0.088162732,0.001417716,-6.40E-06,0.040638857,-1.71E-05,0.012994055,112.34714673913044,-31.848307,2317.0498,75.33722,379.294,-1.4589132,213.30862,26.775263,86.99105,5.10292,92.50812,13.147201,53.097034,0.6671396,41.640785,5.6871862,49.10689,-2.7290776,75.36434,6.621809,65.638336,-0.03820834,70.97505,2.5324183,52.494896,-1.8810697,64.15984,2.1069767,57.7037,-2.857964,33.156094,1.0294468,48.167225,-3.250938,38.900005,0.20906043,47.03682,-5.5331645,62.77137,-6.560985,79.47595,disco
disco.00123.wav,661500,0.3801245,0.086505145,0.2574861,0.007667703,1765.4088039958876,205135.74020940205,2336.3290991418617,128122.29774007986,3855.476686459946,1934594.6229156822,0.062238853,0.000463628,-5.50E-06,0.039853398,0.000634765,0.012610504,117.45383522727273,-62.181114,1878.2106,112.62824,555.428,11.262958,250.64227,23.414486,174.79216,6.4585514,55.027187,8.854965,42.39537,3.8287823,48.09632,13.095752,44.31645,6.5860305,43.579144,9.437512,38.817863,-0.8995469,48.142704,5.4094644,53.090595,1.4024684,44.463852,4.0348163,47.802692,2.059888,36.68134,2.722671,28.750408,1.102902,36.299355,3.5599225,51.39034,1.2569473,46.206326,1.0980213,51.442883,disco
disco.00124.wav,661500,0.3604021,0.09036307,0.25428933,0.011796068,2269.414613781865,325128.95109406696,2384.246158670084,123926.85587470171,4736.329693395656,1724983.464,0.1102665290005805,0.001153131,-1.12E-06,0.032155532,-0.000146087,0.025780128,107.6660156,-28.943504,1267.3009,93.999855,555.6666,-13.092298,328.56665,20.606655,120.67359,-0.42606762,86.93507,12.612444,80.48265,0.07881148,68.31607,7.793514,41.85422,-0.49439517,54.70131,3.9421167,47.21402,-1.8048228,56.897724,0.003348477,39.566635,-4.342885,58.579487,1.3877369,36.20421,-0.86553276,51.852753,-2.3439662,54.559097,-4.6458917,30.153229,-1.5045918,24.535181,-4.216388,35.47286,4.661292,43.173634,disco
disco.00125.wav,661500,0.3847813,0.088093,0.2923148,0.009081876,2787.5438769941143,342848.84310142725,2889.038700339636,78119.03836212405,6338.678337545956,1005616.1702608686,0.098011501,0.002446749,1.580197e-05,0.059732337,0.000572898,0.016700054,117.45383522727273,-22.841719,2155.6519,69.82325,347.97388,10.458858,446.28842,15.7383995,149.78308,4.4249954,113.43632,20.877172,102.090935,2.681895,104.535774,1.9068077,94.93842,-0.8030173,68.955536,5.719008,101.01362,1.6400207,66.38777,1.3842183,70.19521,-3.0406237,65.052635,2.6730797,65.057236,3.9153512,45.344555,4.12921,60.43898,-3.9090486,57.920902,2.102969,74.29408,-0.023672393,49.98235,5.5015388,43.717285,disco
disco.00126.wav,661500,0.5111882,0.082998425,0.38224542,0.011315864,1259.993861615648,412928.83558142016,1812.3629793456444,191864.53773701342,2513.493135,2339184.197335835,0.032432532531927245,0.000446605,-1.65E-05,0.077637434,0.000126827,0.039367944,123.046875,-66.28877,5964.8257,140.72209,943.9286,2.3874795,165.30933,28.912306,119.89831,0.1785206,77.303696,10.333902,68.99609,1.7549123,65.81977,11.735233,47.98316,3.4254255,51.28977,6.286266,47.403854,1.9134114,45.98059,6.5216384,66.20757,2.5193532,56.629818,5.143606,37.320538,1.5380206,47.14777,3.1891682,44.8596,0.8693362,30.549566,2.4694326,28.363184,-0.5756499,33.511826,2.0759995,34.436466,disco
disco.00127.wav,661500,0.46983162,0.09391305,0.3135128,0.016726585,1741.9690786842798,1179080.571235767,2234.779722210054,452849.1000362035,3835.443474264706,5774732.897860379,0.05126424,0.003597805,2.45909e-05,0.06519551,-0.000485381,0.019915681,112.34714673913044,-114.79285,6373.537,98.578606,1767.3965,20.130522,598.9106,37.574333,385.81406,7.991135,199.29393,15.964623,191.33772,6.993604,129.65668,7.892525,97.77576,-2.6019833,92.61731,3.4575255,75.22346,0.9017597,77.798584,7.8843584,85.324234,6.8328505,147.64726,11.349875,200.1427,4.896957,139.61443,4.761908,77.2134,-2.955815,71.36307,2.0091147,64.64688,0.28212953,72.483635,2.9712243,57.690983,disco
disco.00128.wav,661500,0.52509856,0.07979402,0.25582185,0.010792986,2662.506142149788,1672974.2072893244,2794.424750733827,373134.02426037745,5852.814608830786,6112268.065,0.097781344,0.008762646,9.340298e-06,0.03927635,-9.61E-06,0.017399743,117.45383522727273,-60.907555,3353.1807,83.1371,1717.7502,15.309247,445.40573,15.469251,231.61264,14.447651,99.69982,12.8514595,75.861755,-0.88579303,78.55397,8.419568,88.84872,1.3471123,68.6131,12.459679,56.36377,0.7265442,43.9093,6.954599,33.370243,7.12577,31.542788,7.1318293,25.134018,2.311655,36.78273,8.050419,37.625168,1.656031,28.570463,5.339032,29.739397,-1.6886826,25.669111,-1.2661226,29.782799,disco
disco.00129.wav,661500,0.4186446,0.08772525,0.3485922,0.011832066,2880.160739896138,309498.9994942082,2954.3173016534806,47828.56482288443,6635.226544,715312.8636202409,0.10332628374129257,0.001717571,2.084018e-05,0.060498483,0.001161221,0.03679593,112.34714673913044,2.8973238,1575.7152,67.01267,311.74347,22.195814,260.64127,29.729673,205.28694,3.6174173,117.07149,8.3063345,135.43654,-5.181973,114.2635,10.609969,83.23259,-4.6953936,99.783676,5.6202803,93.79471,0.37080732,77.58027,0.26652938,97.06968,-5.218821,55.99192,-1.81137,59.202938,-6.7283525,36.659443,3.981254,63.043793,-1.5047907,52.754597,4.51656,43.19991,3.4125552,55.87662,2.3101337,57.279232,disco
disco.00130.wav,661500,0.35967696,0.08252173,0.29811215,0.012004843,1429.5775302382174,477220.01851307286,1984.337985929122,370495.17310712975,3015.765097414377,3551649.0858090064,0.051089638,0.000985432,4.2884487e-05,0.053206496,0.000381749,0.022334322,107.6660156,-99.619835,6247.28,129.43588,1542.8026,19.217316,856.01984,29.883623,380.29855,7.177553,169.0377,20.471268,129.04623,2.6802175,83.571754,1.9899067,75.21159,-2.605819,53.55888,4.8875675,51.386536,6.2563796,39.854702,8.592715,40.61145,5.204301,52.44458,3.6005511,40.444595,-1.891666,41.597717,-0.6449496,36.85922,-2.0567186,37.902187,6.394534,41.33799,7.2342486,55.280804,7.6177173,43.429928,disco
disco.00131.wav,661500,0.3644154,0.08234191,0.2418774,0.005590119,2421.825718031631,505860.29197075125,2510.3378645730436,263017.2403038863,5227.168392027864,3215095.3112883517,0.10494494364357586,0.001155417,1.0300994e-05,0.03287366,-0.000121493,0.013039449,107.6660156,-19.492352,2076.5012,92.09863,939.15405,-9.598467,364.06668,25.182833,241.15068,8.265367,55.816673,0.86508954,89.96753,-2.4505372,60.019035,4.137145,42.43557,0.57769763,49.491856,4.185914,39.373512,-5.35997,39.58634,2.6311722,38.934654,-4.8921638,51.348057,2.1496048,56.75918,1.2621834,40.561203,3.0340664,51.248318,-3.7889261,54.17458,2.186517,48.850945,-2.348005,40.425274,-3.5780234,50.30978,disco
disco.00132.wav,661500,0.48606026,0.07315646,0.33301824,0.009951782,2730.738515172167,338808.7787623989,2837.767962207853,65809.49048361577,6208.629123935759,1250488.1174486987,0.097323675,0.002009548,-1.59E-05,0.07659814,-0.000675028,0.016435068,107.6660156,4.466067,2596.683,71.28872,345.342,6.4923644,205.81352,21.298798,171.68556,7.122976,92.49357,14.931646,71.38134,1.8037517,86.506714,9.173098,66.7837,0.8808711,62.507996,9.420168,67.872025,2.4413557,58.711555,5.3950186,44.2554,-1.3162317,43.529373,3.310223,47.98499,-1.0257185,37.2333,-0.03791248,42.705273,-3.6754136,40.508583,5.808782,53.66344,-1.859367,54.34708,5.004012,54.181,disco
disco.00133.wav,661500,0.40946206,0.086857244,0.29845864,0.006523003,1677.654375903673,142866.05849691958,2281.072113001343,129978.1173620466,3686.9527055014028,1431074.467021863,0.052039745791408666,0.000397028,2.0016349e-05,0.05853973,0.00080541,0.018158613,129.1992188,-61.723816,1909.6078,114.16559,358.2126,4.0317507,267.74765,20.719757,112.364044,9.618523,84.09791,12.477806,87.45986,7.3149734,59.671986,8.151765,62.96163,2.639956,46.507313,3.9936464,35.178715,4.343812,44.141155,4.6431975,62.858288,-9.924711,97.42664,-2.6107082,35.867535,-3.0697985,46.80817,3.533221,72.05453,4.339052,78.74518,6.4754515,77.56798,-1.6903299,50.926983,-0.47422352,55.0268,disco
disco.00134.wav,661500,0.50748533,0.087735325,0.34688243,0.02103053,1831.1315627318704,1137572.7841992418,2365.790250094101,434984.6437581866,3873.818242217734,6694200.0110291885,0.058317863535216716,0.003632341,4.8747967e-07,0.07926507,0.000417478,0.0306887,117.45383522727273,-78.26856,6066.3086,111.6918,1755.6005,27.443798,959.82544,16.496578,259.02768,2.7295399,275.5473,13.282813,208.07996,8.685278,139.45908,4.1579747,146.40805,0.46181163,104.55473,4.707023,65.2004,3.4479883,65.52418,3.9500978,42.219498,-0.9195942,63.57701,3.7684739,63.011307,-0.24242534,38.123142,4.0701976,43.539436,2.6388435,34.077637,0.11882538,40.16162,-0.3529748,28.540627,0.5433285,23.823154,disco
disco.00135.wav,661500,0.3973321,0.0875772,0.28541702,0.006905632,2265.6198514047665,300655.3818183814,2539.8018580070056,69931.03837431045,5032.444569496179,1312389.0357086672,0.087511942,0.00216604,-5.30E-06,0.046481464,0.00020706,0.01955766,117.45383522727273,-22.365042,1731.4282,90.6664,309.17535,-3.4559803,323.38568,16.986767,191.45688,3.3235037,166.37204,14.404472,117.5082,-1.2908742,111.92514,-0.4911529,114.55147,-0.09894848,76.737045,8.411595,76.87761,0.5067129,59.605343,3.0998511,62.436787,-1.1669834,72.11654,-0.35889617,52.295387,-3.0287225,57.544594,7.327726,74.64722,-2.3385034,68.27548,1.8893138,57.90497,1.7781117,75.48442,4.380535,66.478294,disco
disco.00136.wav,661500,0.5017863,0.08466689,0.35877156,0.009688062,2187.330118298261,544750.3911593357,2870.529113245774,165085.1606402627,5485.8751609967585,3629828.8502520244,0.046107053,0.001463628,-1.36E-05,0.09560998,0.00015719,0.02180874,123.046875,-72.54524,3869.1482,84.279594,760.89026,26.781492,429.71536,11.634442,268.41006,13.232386,117.615204,17.809574,105.874794,8.70671,146.98265,5.390325,114.54477,5.87197,81.49136,13.846019,134.3765,-1.4087961,75.15543,7.2591906,65.11254,3.1878824,40.54175,4.114882,66.256386,3.0680037,80.58402,5.4190283,55.56618,0.06487716,67.27929,6.702373,132.9237,6.118408,92.84363,5.8982577,56.852722,disco
disco.00137.wav,661500,0.48843223,0.07219489,0.34484857,0.006111177,1790.4205737316997,280998.11889510305,2395.8143816895918,165277.21403473965,4188.383006754305,2383101.4862105544,0.044255968217879256,0.000244865,-2.08E-05,0.07698571,-0.000817955,0.018756134,117.45383522727273,-31.763264,2254.4302,114.7552,696.7235,16.518715,136.18732,23.464054,122.969376,5.681073,35.16404,16.30448,38.669323,-0.5428712,25.766575,7.406384,29.398159,-0.53612334,27.87627,6.4065795,22.538609,0.5409992,34.524014,7.092148,29.793344,0.12933987,26.000563,5.7471714,35.134735,-0.005150367,25.23164,4.307008,25.062525,0.45642915,29.00971,6.01621,29.485989,1.9658774,31.884542,7.5630436,41.042587,disco
disco.00138.wav,661500,0.5499868,0.07710187,0.38074455,0.021724258,1851.4177850750239,1725392.2176369193,2287.3938909365297,847212.8058178984,4171.116444496179,9001770.778815346,0.042963081,0.002553847,2.9456176e-05,0.106803924,0.000134301,0.029613934,123.046875,-118.19836,11356.338,94.59022,2939.7258,28.124592,785.8904,33.237247,424.41864,14.349221,175.57242,22.695654,145.97804,12.009163,167.6877,14.195551,98.400345,5.203049,146.09637,8.814193,82.377754,2.3476486,59.173122,7.3075886,53.0479,4.653888,47.259727,5.9695325,38.134228,4.587821,43.06944,4.45394,33.273968,-1.8369247,33.080418,1.966182,34.044003,-0.7741479,32.938347,1.8819144,37.96968,disco
disco.00139.wav,661500,0.44462126,0.08208995,0.2524696,0.010627422,2119.0183722282036,286536.8357953726,2484.442903,92813.53502547508,5015.269673350425,1346845.5210139912,0.063451997,0.001480593,-4.89E-06,0.05621409,-2.13E-05,0.005704597,95.703125,-68.38761,2588.1675,94.71947,372.011,1.5877156,331.6648,19.311968,166.71153,-1.9293593,90.629036,25.791506,83.045906,-5.443358,79.47875,13.830704,68.427605,5.2166395,56.39655,9.626264,46.348427,6.8446546,53.073105,9.729817,44.11966,-1.396574,42.389282,5.9244018,47.5149,-1.8055732,22.396824,2.8945072,19.740162,4.559451,36.26512,2.4471667,37.736538,3.9679234,28.62362,-2.0326753,31.54373,disco
disco.00140.wav,661500,0.5444267,0.06964666,0.31734034,0.011226559,3011.4697086919937,832598.9259,2831.1892099444403,173668.65216904625,6413.411219,2782302.2373296367,0.12986467202012383,0.007042134,1.9027497e-06,0.055761207,-0.000163156,0.027525516,123.046875,11.103951,2287.4253,66.91927,788.0539,-13.981427,400.07248,0.7671286,249.60008,1.7110354,165.20421,7.912967,113.1875,-0.0598855,86.81399,8.506845,110.33362,-2.758404,77.60236,9.649768,84.119896,1.1320801,68.29954,6.045422,76.77598,4.6897697,67.594055,6.352303,76.617516,5.619637,48.351547,6.8545003,59.15725,2.0965388,47.88849,5.030311,56.36288,2.7601957,48.052246,5.212438,51.76581,disco
disco.00141.wav,661500,0.47472754,0.091204725,0.34428722,0.013638363,1099.715054130153,200061.4031283235,1782.5171212757996,276466.93752480723,2364.219037224265,1882920.168409841,0.028507386,0.000196046,-1.88E-05,0.07302056,0.000335532,0.024484036,117.45383522727273,-103.46739,3389.363,142.88086,994.0422,15.423764,474.21918,35.715195,213.17308,15.650267,135.85767,14.329599,125.60948,2.2362273,102.902596,6.1067977,64.82141,0.53773665,56.043518,7.602128,33.67891,5.0277343,42.008026,5.0113354,35.647163,1.5919106,32.56531,2.4938848,39.478477,1.4115187,52.977264,6.818642,37.820362,0.122006536,37.754013,2.814869,41.292717,-1.753677,40.125023,3.794445,42.046776,disco
disco.00142.wav,661500,0.52514344,0.06964009,0.28994596,0.008120301,2850.0807591903026,218419.58439297343,2853.7479073989093,29090.254008198244,6299.386908469185,566746.1244483881,0.10208025952979877,0.00143665,-1.14E-05,0.04209962,0.000194999,0.018801764,151.99908088235293,5.129309,2231.7766,66.994385,311.44617,7.6845345,54.439167,32.652447,175.58789,8.177018,73.47386,17.500067,55.39427,5.250006,38.42442,9.816874,31.495707,3.566567,34.599598,8.696728,25.911276,2.7009587,21.633179,5.113621,23.112392,-0.87891644,26.418213,2.4686348,25.951843,-0.91387653,23.680748,3.7594497,18.443007,-0.8917185,18.314686,1.3640977,20.322649,-3.7596629,21.782084,1.1528982,17.122955,disco
disco.00143.wav,661500,0.4455461,0.077630386,0.25218165,0.004024459,2783.818735507686,432252.16182773124,2878.584771013467,113272.19064218401,6272.5454041094235,1760156.0744785797,0.10281494896478328,0.002050411,9.035623e-06,0.033762418,0.000333843,0.013288613,117.45383522727273,-11.6459875,2255.0974,75.20786,430.6457,12.893038,456.0342,25.824074,160.61545,4.9498644,92.571754,10.010694,77.31978,5.371757,38.780334,8.644752,36.423077,1.9467143,43.352547,6.512508,27.568619,1.821292,25.981369,7.075067,31.752993,1.6582725,37.426617,4.2291217,30.914558,-0.2759739,33.837666,3.8149993,40.42936,-2.6402268,38.634834,0.52545863,35.52166,0.3664953,41.74728,-0.2882674,41.26119,disco
disco.00144.wav,661500,0.41056976,0.07205478,0.33319986,0.002500083,2062.946358051268,276096.68413681095,2528.6251218421717,104859.36920903836,4686.696660186484,1676227.8027510913,0.071006751,0.000681346,5.295927e-06,0.071580514,0.000346608,0.013177343,151.99908088235293,1.7162644,1088.8113,103.56876,435.58456,10.312662,120.75068,19.690016,106.671295,0.81634325,33.91723,10.317641,35.18478,2.1435788,30.654219,5.3427916,54.412514,3.3380442,35.508404,8.975777,24.438786,-0.80153966,29.359509,6.7128353,25.050396,1.7305528,31.89221,5.4237065,33.98023,1.9286679,31.945467,3.7143388,31.845467,3.6105428,46.484856,7.765576,38.72466,4.334563,31.569326,5.0637374,32.132687,disco
disco.00145.wav,661500,0.4225851,0.0913038,0.30584514,0.010572627,2638.454881638863,642419.5277504805,2739.425151940464,140603.7245215661,5880.306109,2197197.184,0.085330172,0.002433375,5.0954795e-06,0.056483217,-0.000352582,0.022160664,112.34714673913044,-25.97048,4563.0864,74.43839,725.9922,10.995247,283.17654,25.726944,179.5155,2.8118145,144.89226,19.22454,82.11951,2.6888232,111.54948,12.570765,60.56989,3.5584438,75.09872,6.259581,82.48964,-2.4118013,60.091827,4.277329,48.873283,-0.86070645,52.839577,2.664844,40.699062,0.027173152,41.1055,4.5540457,34.174244,-0.618112,48.915436,5.097295,44.551064,0.11094169,56.746902,5.943126,40.019875,disco
disco.00146.wav,661500,0.38645384,0.079915,0.34039256,0.005094085,2088.5658595850978,324340.8042780021,2335.857510061219,131823.64384808618,4462.248017396721,1706468.0464771963,0.083745903,0.001803526,-1.93E-05,0.06575564,-0.000702055,0.022923635,112.34714673913044,5.6304975,1077.8514,103.93362,637.1649,-8.04951,279.97498,21.715948,178.7369,-1.1039867,175.56642,7.7280955,130.98079,-4.4386287,124.70715,8.109569,61.29331,1.5001572,76.07945,2.2493877,56.075172,-1.8282732,49.633694,4.555679,42.339806,-1.0769216,43.16719,0.823632,37.618694,-2.0359452,39.46297,0.581168,29.48247,-3.0727944,32.776775,0.51537347,29.378946,0.7950262,36.654236,2.6165662,42.88924,disco
disco.00147.wav,661500,0.38596746,0.0853513,0.27355328,0.006562177,2629.6563811560623,372560.28895352955,2784.472658967182,108562.51746622637,5987.005464063709,1846148.9799868765,0.10379037768479102,0.001929908,1.7302485e-06,0.038214937,0.000301193,0.021097928,89.10290948275862,-4.874797,1310.9355,81.11581,433.56482,1.7007071,185.97043,14.435185,186.23206,6.1715484,92.831276,2.7680492,97.98794,-9.937008,108.99078,-0.9339462,75.89185,-3.925847,82.535446,0.7127474,81.57152,-6.943181,74.297646,2.7154536,58.677406,-3.2444582,48.53625,2.0681903,63.349773,1.5158367,57.89856,3.7601178,64.53503,-1.5732762,57.563324,0.26113695,51.601097,-1.7822386,53.369667,4.7782974,59.32093,disco
disco.00148.wav,661500,0.5265393,0.074349865,0.3513485,0.022037469,2688.5649982373616,538681.4734,2958.9747810018266,93142.29697991733,6363.686519658233,2116422.451919133,0.075786012,0.002502193,1.6091967e-06,0.07204239,-0.00021121,0.0360631,117.45383522727273,-34.72541,3735.2546,62.94395,509.16623,20.11096,227.33098,29.287853,162.98918,11.660094,160.77844,15.220419,164.7403,2.784207,104.28899,6.2289877,108.06599,-1.2008443,122.08139,4.280555,109.45957,-1.8182034,85.74407,2.2079132,76.873924,-1.8589079,76.12797,6.041027,64.19422,1.4710283,56.04016,4.8909545,48.212284,-0.5534476,46.143776,3.7833335,44.769924,1.2816257,53.63078,5.1207514,43.85518,disco
disco.00149.wav,661500,0.5479544,0.07465014,0.35228324,0.009471414,2326.651240850503,1372323.7167598652,2489.467619357124,289032.05050304864,4942.970110535991,4651760.898261979,0.074818142,0.004319619,3.244409e-06,0.09802913,0.00120172,0.018224213,123.046875,-55.934563,5778.376,75.658356,1490.5107,3.9168365,287.4686,36.63022,142.09229,15.654994,110.82664,22.380157,87.60992,6.752851,104.23793,9.364406,72.29514,9.158725,66.29997,15.092843,66.82984,4.1293607,49.91919,9.376187,75.03528,1.7869076,65.05392,9.366366,43.765602,0.9962964,64.49545,2.1940472,75.84065,5.1422925,67.34706,11.494759,68.75409,6.634736,58.785763,1.8088883,55.928562,disco
disco.00150.wav,661500,0.4146173,0.08436918,0.31333545,0.006162129,2713.047952958816,447956.60163711134,2824.054188302827,123293.40070358696,6033.905180467541,2176406.7437055497,0.098224652,0.001631904,-4.46E-05,0.056430656,-0.000321952,0.020606624,112.34714673913044,-10.700639,2059.453,70.52327,422.2943,6.5759706,382.90897,22.7646,165.0437,11.922689,106.07786,16.733921,126.31223,3.315719,117.657845,7.7741327,96.403114,3.205023,76.16472,11.479575,84.26496,5.1740966,126.43223,-0.029943354,71.70538,-0.6739971,63.56905,-1.3410953,70.28048,-4.8195467,70.148346,2.4852653,67.64241,2.6856956,64.82,6.5728145,78.46812,5.1000743,66.68028,6.0957265,77.27635,disco
disco.00151.wav,661500,0.4230348,0.08001026,0.31965065,0.009909705,2041.2164198356434,344561.53894634615,2460.948569405326,181750.09551862878,4621.563720703125,2413734.399076701,0.072346879,0.000862709,1.2297684e-05,0.060359646,-0.003040838,0.020967258,117.45383522727273,-17.851246,1599.4133,104.98723,366.42783,4.8843274,220.5925,22.268536,219.8113,0.15970467,107.08474,5.9334583,83.90568,4.4109607,44.115997,7.674872,78.03061,-0.90140706,57.73364,-0.48926395,44.767864,-0.03717897,46.553032,6.2993526,47.345318,2.9079847,34.705574,6.2515836,33.38972,-0.9946131,29.861866,4.291235,25.902391,-1.0069829,26.940214,3.0683465,36.202213,-1.3708744,21.284403,2.2245915,54.789402,disco
disco.00152.wav,661500,0.4261861,0.09309837,0.21522659,0.006116265,2494.6262555256626,568838.6396379261,2513.95153,138212.60159957115,5345.542676234762,2675817.797835538,0.095429884,0.003083155,1.0698837e-05,0.02091995,7.924674e-05,0.017021472,117.45383522727273,-65.33653,5273.1753,75.34693,768.63074,-9.731281,226.4345,25.890408,142.7285,9.079634,132.35547,20.462395,93.8377,-0.58383983,67.61576,16.585169,78.68378,-1.1471211,67.8541,14.604445,56.460926,0.55050784,56.03073,3.1574683,61.81745,0.2403009,58.125168,2.1103451,53.243446,-2.7446198,48.43281,0.62822837,48.847347,2.5274944,65.75628,3.4740353,71.377495,2.8544219,57.728607,-4.1944532,69.32934,disco
disco.00153.wav,661500,0.39497554,0.0926317,0.3377501,0.015367223,2198.4714890773284,617671.0474934563,2679.4338935173323,158283.6827565916,5223.510080815838,2979964.3362260694,0.070397156,0.002367046,4.8191475e-07,0.053342104,0.000116835,0.044702604,112.34714673913044,-46.165516,2489.464,92.81737,760.0427,23.934454,365.12036,17.193136,228.54237,1.313768,170.44438,17.39385,127.86022,-0.25585642,113.7668,6.22675,101.208954,-2.9684505,67.597496,3.391741,62.011005,-5.7817783,69.44825,0.59478533,69.0641,-10.560728,76.0832,-3.06705,71.60271,-9.994668,67.71731,-1.3508213,52.337837,-3.6608143,55.98519,2.070168,84.54563,-0.24485594,93.778725,3.093544,104.93948,disco
disco.00154.wav,661500,0.45138472,0.07568793,0.2885641,0.003615007,2077.5417824197502,476732.8463675354,2437.777838746203,181747.50960301186,4612.130444411523,2602084.922321234,0.081081898,0.001633346,1.9006643e-06,0.04728093,0.000939222,0.016104652,123.046875,-16.688503,2617.4468,103.657196,896.48395,4.786416,429.9047,27.340418,236.94144,9.00256,150.17972,11.906439,87.03789,-2.060663,102.38558,8.731522,60.737907,0.20001632,54.998463,6.200198,46.745636,-3.299388,47.05745,3.1819527,33.372574,-2.8980525,32.067654,-1.1364425,27.225431,-3.5492105,28.261978,1.5159364,25.53093,-4.074268,23.913115,0.43103433,24.522692,-5.073539,28.100151,1.6697998,23.180033,disco
disco.00155.wav,661500,0.4151535,0.07610205,0.2521029,0.00233618,1690.3806789115574,191305.45622830983,2274.5131052339702,155938.15576988526,3577.195035857682,2062569.2327210885,0.05755294,0.000944098,-2.51E-06,0.042932678,5.7157675e-05,0.009929843,123.046875,-76.06953,3705.4187,117.47669,505.8782,10.187459,1244.4111,24.725723,249.2438,21.44559,217.90973,17.159548,150.07239,-1.9967774,83.17652,10.887214,74.66173,3.203636,58.41306,4.786456,37.830353,2.3797066,33.306,1.3188547,39.287228,-1.7085675,50.191063,4.1779613,34.462555,2.949749,30.347475,4.61513,34.085762,1.9723569,40.777206,4.1299024,49.492783,2.856656,41.106926,2.3965251,36.348495,disco
disco.00156.wav,661500,0.4857033,0.08054244,0.30999377,0.014203443,1900.9819341811265,343342.83208209404,2486.9539808914387,145588.17713116755,4348.3403728473295,2672472.8364137085,0.059036302,0.0009906,2.1870514e-05,0.05894837,0.001534509,0.023369022,117.45383522727273,-48.556538,2801.3606,107.13971,398.84427,9.171396,391.90277,10.549468,127.410385,4.20436,160.15239,5.1969533,127.82648,-2.40185,87.69731,6.9317827,59.637867,2.391606,56.46227,7.027474,62.95702,1.3224763,55.670254,6.714704,54.942955,1.2127166,53.00503,5.556702,47.499977,2.654634,48.196358,5.2062526,40.781467,2.402765,42.057377,5.0067897,40.166447,-0.72580725,47.0198,4.465699,54.43098,disco
disco.00157.wav,661500,0.4693945,0.07737622,0.32852423,0.006841315,2210.4734463221603,503881.18753683916,2670.172757358684,198767.67043181648,5262.643177516689,2978986.1380561665,0.078769743,0.001603301,9.579311e-05,0.039440725,0.004422833,0.033107053,117.45383522727273,-10.68029,2817.19,101.05944,606.10504,26.13921,389.6973,25.659826,162.92111,1.2728425,210.63884,4.227004,144.8891,-0.61630076,121.70569,4.811109,82.54102,-0.003705642,64.42252,3.8209383,58.938107,-5.061617,38.912006,0.440074,45.877926,-1.6837298,35.433697,8.646108,45.63099,-1.2782259,42.443195,6.5812783,53.11261,3.252805,28.83372,0.9398313,41.54751,-5.377747,30.708035,-0.74976814,41.59468,disco
disco.00158.wav,661500,0.42064,0.089447476,0.29407287,0.018879592,2095.2681823455196,466025.5576259426,2405.5884989674173,220818.20948764138,4643.846919293005,2512100.053910234,0.073177184,0.00146409,5.9974163e-06,0.05370981,-0.000219784,0.020455062,112.34714673913044,-53.170273,2590.0005,93.11637,678.2191,-2.6096022,328.50244,31.833359,132.67279,5.7285957,119.11247,10.6998205,124.70943,1.8292754,68.21888,3.6435308,72.056465,-2.7199214,81.17842,4.0396376,72.44448,3.1251533,55.87657,10.373957,46.36925,4.3541884,60.233723,8.30932,88.17498,4.294875,54.635864,6.07241,51.046574,1.4833881,60.549656,5.0357013,53.998245,-2.029603,46.113873,0.09794364,54.081833,disco
disco.00159.wav,661500,0.3805486,0.09478369,0.29044655,0.016367111,1014.021343700572,397202.4647758724,1625.5876187102072,497414.4066797347,2044.8126352977458,3256423.2094646594,0.029335045593072755,0.000338148,2.1071422e-05,0.036038674,0.000299425,0.03603594,117.45383522727273,-163.7391,6127.8276,148.42091,1667.1901,19.25097,925.5172,36.113518,565.4969,20.976837,209.1129,6.878253,112.85467,12.976859,108.82854,3.6095107,96.12673,-1.0186961,97.44728,3.892321,67.25391,-2.215818,74.89807,4.716874,67.98401,-6.243946,69.36938,-5.8458447,57.02709,-4.252536,55.51626,-1.7329296,50.694447,-3.3659985,67.30173,-0.19474901,45.709866,2.1270883,69.2185,-0.17197552,65.54529,disco
disco.00160.wav,661500,0.41796026,0.09024309,0.34292403,0.006428521,2041.0629468522134,214195.43094422529,2653.585721446316,76288.80736111649,4961.253333313177,1344539.4714028083,0.044135788,0.00044728,3.666602e-05,0.07454558,0.000217588,0.01574699,112.34714673913044,-35.665066,1458.4167,89.626236,254.53091,21.367947,143.10556,35.32655,98.427605,9.732701,79.070435,9.885355,83.58181,3.4132166,41.436092,9.795307,34.996582,5.1010365,40.418903,5.595172,30.968142,0.57283634,32.093315,5.9075184,36.68684,1.8214118,40.013176,5.683113,30.624096,-0.110780604,29.575949,5.2728224,36.96872,2.4860704,44.33565,5.2087584,41.691093,-0.302028,36.511845,3.582116,41.39817,disco
disco.00161.wav,661500,0.42568544,0.09225136,0.3657613,0.018496605,2773.983993127527,327036.40050744946,2956.450128738884,67689.21241466304,6522.110561689725,1119644.5245623162,0.1014914497871517,0.00172824,-0.000240279,0.075082764,-0.002003475,0.030608749,117.45383522727273,1.6780605,1788.1008,72.56027,332.80807,14.398652,189.72269,17.42509,103.78019,7.5477977,85.07097,12.615202,90.31289,-0.016058933,76.6217,4.810714,82.01897,-4.0533967,79.76628,2.4524689,63.951675,-0.6765972,64.64348,3.2320492,53.225548,0.85570705,44.343014,2.9987094,60.95972,-2.452662,64.98595,4.8573465,66.953125,-1.0890554,60.076763,5.653198,78.82221,4.0651426,84.91476,8.972364,82.92151,disco
disco.00162.wav,661500,0.44389477,0.09185172,0.32097766,0.005668263,2205.170697186449,662783.5626557223,2655.092396,305796.43756913225,5288.426354942676,3963178.516022411,0.056552946,0.001127287,0.000698491,0.07659802,0.001623453,0.014615688,117.45383522727273,-48.585968,2767.0674,86.32267,762.3278,9.079033,187.4372,34.516174,121.31345,21.222036,53.399937,15.685006,50.790714,8.215354,42.496082,13.67993,39.433357,2.9618716,40.842278,8.720466,29.984571,1.8606706,32.45427,5.9902596,37.61119,-0.037227005,36.104473,3.9774106,35.71998,0.16357572,33.570072,3.4950576,22.142,1.3360435,35.820614,6.1338186,32.350723,0.21343781,30.503902,2.8996828,33.314632,disco
disco.00163.wav,661500,0.38957107,0.094487414,0.26873812,0.012140637,2468.5359259354695,345240.93394362356,2790.9386171026536,99566.38256253612,5831.014740651606,1767424.5737972942,0.079288258,0.001281989,1.5904116e-05,0.025574552,0.000688925,0.039662514,123.046875,-44.954014,2747.1433,77.86466,264.42487,8.683886,335.9567,22.135866,143.41228,14.377505,103.47355,12.459887,98.79628,3.6941202,72.604485,9.776083,75.67317,-0.4183784,72.30684,4.7191634,61.13361,-3.0958788,79.07712,2.9972389,97.21486,0.24415839,78.51471,4.134891,73.21185,0.45014977,79.778336,3.706072,97.57709,-5.7728534,82.10109,-2.322316,83.83103,-6.7265325,77.35727,0.32229382,71.10899,disco
disco.00164.wav,661500,0.4651147,0.072201245,0.26391244,0.002837355,2216.1008588349014,257155.40120103623,2617.3257676725148,92476.07666087309,5080.185947477264,1698833.0949930456,0.081535032,0.001115518,2.6038451e-06,0.041379612,2.1573149e-05,0.010400844,151.99908088235293,-18.533195,1663.5786,96.88081,380.63715,6.9152536,202.08148,25.142052,114.69267,12.418726,105.43651,10.088215,75.59943,-5.1104875,63.33417,0.47723803,42.180584,-2.3234608,37.438004,1.9244947,36.78614,1.3695517,32.60893,6.1662188,25.717981,1.8669431,25.653252,3.0758884,24.274809,-5.4458265,22.78962,2.582057,29.260256,-0.8878033,24.515533,1.949872,21.59172,-4.848425,24.825716,1.6579137,22.970903,disco
disco.00165.wav,661500,0.3768432,0.08158472,0.1699308,0.001902719,2218.128751278705,209359.54774408982,2236.5411946491495,68577.87827869011,4672.513412617309,818557.5691004699,0.10413504680243808,0.00152613,6.5705044e-06,0.020555884,-2.34E-05,0.003484005,117.45383522727273,-58.904522,2311.6633,94.31279,391.0502,-21.721558,207.85078,34.446194,182.35608,-7.703648,77.075165,17.823034,56.465218,-4.3395476,62.872105,9.097561,48.405003,-7.5657096,38.74166,5.3213925,44.30642,-0.11369364,37.56459,2.388585,46.05528,-5.328556,30.966713,-3.3163428,21.91516,-8.80943,19.987537,-1.3007828,19.313568,0.1328759,21.49041,-3.5886736,23.785456,-2.3574877,26.193314,-3.5036614,25.006927,disco
disco.00166.wav,661500,0.49349052,0.0878133,0.2817214,0.010250527,1902.7234983577605,798239.9352911302,2569.199090853171,410886.7806889256,4639.988609290344,5975677.524072594,0.041661124,0.001120087,5.126499e-06,0.037468486,0.000306677,0.031783905,117.45383522727273,-89.56995,4608.096,107.2474,1047.8141,28.615486,372.76175,15.198883,291.79697,10.370038,93.30572,18.751404,92.35778,2.7511075,80.50029,4.7767963,83.50582,-1.7657013,64.23741,7.606456,78.23037,0.096343406,53.66373,1.426415,43.59996,-2.7195964,44.17094,0.24444447,44.90193,1.1139874,47.098656,0.80009127,36.90611,-4.2179546,34.035805,1.8189344,33.53662,-1.9909729,30.560514,-1.2641859,28.52723,disco
disco.00167.wav,661500,0.42323366,0.07219867,0.25148213,0.003593186,2299.109975730122,249297.88966261395,2564.665728134474,99992.33286713966,5173.518716440112,1252348.6891140528,0.074779593,0.000658314,2.3890573e-06,0.038394574,-0.000130713,0.010009596,129.1992188,-22.922564,1531.3027,90.3104,391.84885,0.33431473,97.474846,30.0908,73.53363,3.8855104,36.270164,15.387325,39.463852,6.2810044,28.47465,7.6952806,36.64321,2.0093586,38.070465,7.485722,19.294518,1.6183875,28.212452,8.615018,42.775383,3.816006,65.33968,3.170593,47.265667,-1.5253334,45.73368,2.6387894,38.182026,-0.9500071,44.676212,3.9389415,48.355854,0.19004221,42.827732,3.973289,49.80467,disco
disco.00168.wav,661500,0.4475941,0.08545061,0.27631944,0.004376442,2233.9520766425317,363351.5871224894,2496.386158436693,156850.00220525925,4962.469992622871,2080807.0763235977,0.081138965,0.001323301,-4.94E-06,0.044019215,-0.000478458,0.016259076,117.45383522727273,-18.504305,2324.7905,92.57346,617.681,-2.8394108,365.66354,28.164284,128.61926,10.4085,80.16177,12.10174,82.81419,0.1568626,51.25687,9.787618,61.97834,1.7377294,38.049084,3.299274,42.15894,-2.2554452,42.06306,5.842286,38.058697,-0.45283937,32.880795,1.291687,37.790356,-6.0433145,36.373386,2.1533518,29.567495,-4.576156,31.377743,-0.9448457,24.786339,-0.55433327,44.53983,-1.4035077,33.190243,disco
disco.00169.wav,661500,0.51909995,0.07750795,0.33601692,0.008010653,3212.477612025196,813749.4239999378,3093.8810175093377,54118.32831281269,7138.965164987664,1621775.176843796,0.11025027815402477,0.004408808,-9.79E-07,0.06380767,-2.81E-05,0.027847769,99.38401442307692,-2.8554692,3413.7632,54.05635,481.52893,22.28715,218.42279,27.650059,102.01339,8.422628,82.571594,10.688272,66.88512,5.6886907,67.15881,10.025427,45.968307,2.914136,49.293766,4.959983,29.14946,-1.2608129,26.522234,8.0402155,32.34712,1.9264477,37.513187,6.314732,38.741695,0.6564701,37.55048,4.9288177,29.43504,-1.9056047,27.972929,1.71796,27.844343,0.8939343,52.890358,6.298439,61.601654,disco
disco.00170.wav,661500,0.49447036,0.07762312,0.34124032,0.006424762,3231.267417099262,544305.4709373377,3043.820955886348,38635.414693978506,7126.440240724168,1108696.2680790457,0.12275889488196594,0.003989462,-7.90E-07,0.06424976,-1.64E-05,0.027414648,123.046875,16.651901,2179.9834,54.224762,349.20114,13.520396,175.42361,24.559296,98.75033,6.6401067,71.10941,10.570289,64.70396,4.6617217,60.73913,7.902862,44.22603,2.0492737,47.655834,7.7989883,48.531303,-2.776553,33.177757,7.281351,39.45637,1.3294679,34.952564,5.329526,42.007782,1.165328,40.290165,6.034663,41.74043,-0.45207608,48.225067,3.1197705,52.226913,0.5100928,57.618458,5.537299,65.531746,disco
disco.00171.wav,661500,0.45617932,0.08805833,0.33551872,0.009929065,2120.8682195241845,498363.3171854968,2585.43234,172748.0102305313,4928.303532556115,2876024.565262909,0.056924826,0.001083474,-1.46E-05,0.051931366,-0.000162895,0.0361378,123.046875,-36.46725,1892.7448,92.86396,520.99963,10.601282,259.44202,22.664999,98.69439,7.8157563,96.209984,17.657846,84.62539,6.355599,82.52234,8.116227,65.14984,0.51668614,50.096447,7.8318844,79.90072,-0.66987854,61.284405,5.81215,62.817623,1.070281,68.62818,3.4635096,40.627213,-3.7734776,43.48232,-0.022974499,45.703835,-6.618699,56.245792,-2.0537066,52.697586,-3.7767203,52.481895,-3.637592,63.06586,disco
disco.00172.wav,661500,0.42323464,0.09039229,0.300053,0.010678225,2067.769768707823,310573.7085908044,2459.735506249493,102878.91162149438,4694.488279738293,1444295.0944263958,0.063429322,0.001395764,-1.34E-05,0.05296943,-4.98E-06,0.020971287,123.046875,-44.72748,3075.8188,91.02426,408.69083,1.8937753,317.6461,34.183197,96.95565,10.11214,89.13461,17.325258,56.844604,0.02605294,60.171253,6.9085417,58.66826,1.4923749,68.13966,1.1446104,65.512375,0.6234747,43.673515,1.880497,39.17066,-3.0895383,46.808243,1.3217226,49.83982,-4.058583,43.267456,0.43342075,49.60309,-2.7381568,55.60912,-4.5639505,61.404133,-4.352851,37.91354,-2.614465,43.06239,disco
disco.00173.wav,661500,0.47694018,0.076456755,0.27661464,0.005669831,2135.8734252337504,352051.21852378984,2595.3038860680804,175481.5065501907,5058.186080507449,2988958.125860087,0.066855227,0.000736922,-1.93E-06,0.04761424,-0.000114679,0.016097099,123.046875,-39.058777,2410.31,98.83116,346.2406,-0.36677074,224.51967,1.1537453,144.96722,3.6278427,153.31514,16.45126,136.3646,7.4204826,118.43312,10.73945,61.269543,5.734053,50.372837,11.653067,47.971966,3.3080797,48.825893,10.2030945,36.617764,3.0188947,46.385593,10.303503,37.865433,6.349426,57.264343,6.80422,40.054985,-0.48701993,36.43624,5.017149,36.13964,1.0938503,31.078476,5.1136885,25.236378,disco
disco.00174.wav,661500,0.51901513,0.07856352,0.3195831,0.03798185,2312.0861487219086,1875146.4933660363,2550.1302942147863,599433.8988929442,4959.636676422214,8613669.686098516,0.096089366,0.007609017,7.385548e-06,0.03571565,-3.64E-05,0.058897216,117.45383522727273,-69.00589,4000.9543,99.612595,2073.9524,23.892021,626.9052,16.56722,229.60884,11.544421,224.36276,14.641919,93.66026,5.0542574,101.253365,7.6393538,56.097984,1.2137773,50.74907,4.808144,45.98401,1.3385241,50.143158,5.7412663,55.485325,-2.139996,46.74062,-0.401288,25.440336,1.3930202,30.147947,5.0520277,35.524574,1.4042654,43.71942,5.1299596,38.124413,-0.100732855,48.84641,3.1033938,41.809364,disco
disco.00175.wav,661500,0.36010385,0.07694374,0.23456803,0.002767247,2457.3731918952544,171677.9125611068,2396.471952114837,53835.72999364798,4917.603597,598744.9228097285,0.1262346864115712,0.001630492,-1.02E-05,0.038658436,0.000380875,0.006551297,135.99917763157896,-23.643654,1958.5879,73.42389,344.62683,-15.388052,220.25604,37.85932,152.05087,6.146272,93.681046,15.083594,74.55008,9.108357,67.60144,9.747396,64.60365,3.8570175,35.47147,0.36009097,39.909428,-6.192863,44.508793,5.767329,54.13551,2.7182689,66.32538,1.7538742,29.39017,-3.5786002,35.183025,0.06980983,35.136288,-2.8188324,35.385777,3.8501377,47.086075,-0.7616763,75.30421,5.5843897,94.140656,disco
disco.00176.wav,661500,0.5539529,0.069481775,0.26993072,0.015842075,2476.0808935382734,897927.3414579043,2542.8365776388614,221944.17397351642,5342.867692410024,3356631.6356927073,0.098390939,0.004034948,0.000196368,0.02543628,-0.000787317,0.03364456,123.046875,-26.635578,3761.0789,87.03718,960.2287,0.15849347,360.78,23.350943,222.88039,-2.3237221,111.85553,15.927662,74.72954,2.359232,87.48324,12.272587,64.16626,2.8432922,56.8793,9.32313,38.41642,1.174018,46.206264,5.937757,48.85242,-0.93198895,38.64151,3.7180245,27.974476,0.35139635,29.367023,5.446273,36.507805,-3.0071137,33.164124,1.5708214,39.77713,-1.5198662,22.657928,2.1406014,25.013443,disco
disco.00177.wav,661500,0.3849716,0.08045391,0.27410233,0.007645034,2359.4367151869515,905964.5206808152,2455.091431858374,323049.4670681327,4950.861729483117,4567464.603485275,0.10062524187306501,0.002756303,0.000481761,0.032823052,0.003307106,0.02349897,123.046875,-2.718849,2912.0146,104.37068,1580.8635,-3.6990943,311.93652,8.537122,128.29071,-6.734543,119.48999,4.238271,87.631546,1.5294287,59.334896,1.5553931,68.319855,-5.804526,55.86854,-0.8492262,33.734615,-2.5312338,33.939167,-0.10852802,41.39103,-2.8199353,28.488813,2.280966,30.726578,-3.5989532,30.108015,0.6416456,26.867855,-4.8216033,25.756826,-0.013510943,23.774187,-3.2808056,18.528332,1.9946202,20.769579,disco
disco.00178.wav,661500,0.45145726,0.0839388,0.27968165,0.010211481,2029.0047713112317,634521.3271170943,2313.729744290348,305520.37024899514,4400.223392451142,3094513.1893021725,0.06882876,0.001202085,-4.12E-06,0.048328403,0.000193769,0.015516995,135.99917763157896,-44.53094,4148.8525,105.50052,1561.928,4.608638,238.63284,27.567429,194.21065,-1.1423194,90.58826,18.7411,61.385387,2.7429426,35.992176,10.508295,27.441074,4.453312,22.27355,7.2042575,24.132992,2.3564003,23.76684,6.5219364,27.980429,-0.94018763,35.808094,8.586481,35.684563,-0.712145,30.84704,3.5892565,40.120754,0.50164795,41.36386,3.9236765,28.810528,-1.9361937,33.38244,0.9357311,33.90282,disco
disco.00179.wav,661500,0.5841727,0.06620501,0.410193,0.015375412,2339.1495554065496,962590.1387132595,2598.0572714608893,379227.55431952287,5326.842789,4592954.945211125,0.068121659,0.003136741,5.0108352e-05,0.11301121,-0.001275412,0.032864142,123.046875,-7.035292,2791.3992,91.2729,1386.3054,5.133237,616.8871,20.186161,176.88864,5.104821,91.84056,19.583252,116.61097,2.7990792,76.93029,12.160895,69.62204,2.773129,75.18839,8.526087,60.098656,1.2481744,39.12482,6.799749,35.28367,1.2404467,44.99571,4.93359,41.00581,-1.5003155,41.19307,4.60978,32.011013,0.08170484,36.23737,3.0590556,35.38569,-0.2314678,47.754566,2.6906645,37.501827,disco
disco.00180.wav,661500,0.4517619,0.08086163,0.38642746,0.008275819,3040.2158697085165,284609.3332351924,2960.744794727871,44445.26331875984,6882.941713126451,793224.3977655054,0.11438139451915634,0.002548267,-7.26E-06,0.091162585,-0.000271339,0.02886762,135.99917763157896,30.504898,794.088,65.22168,302.59225,6.799465,138.60562,12.947834,225.62335,2.5768428,68.84563,12.295296,71.5246,-1.1562326,53.549232,12.46522,68.307915,-0.021198781,58.455143,6.411328,56.543186,-4.357638,52.652687,6.250068,57.434017,-7.773108,53.731804,4.5985937,45.12357,2.739981,41.329716,0.60784376,47.983486,-2.4768116,35.96577,0.7600271,36.54429,-7.791725,40.956806,-1.3351082,43.138725,disco
disco.00181.wav,661500,0.39492023,0.08703048,0.3365923,0.007596621,2478.8122385761485,306372.4149180316,2580.7403912825775,102609.19759238964,5374.509167745017,1428007.6774442222,0.09979796,0.001366922,-1.30E-05,0.069557466,-4.35E-05,0.018792342,117.45383522727273,8.837715,1323.9652,81.78145,380.9427,-4.8230166,247.20259,25.17517,161.83134,1.5048889,114.58035,14.659939,87.52256,3.6052926,87.00699,5.8012824,66.768906,3.0491002,63.778473,7.3837647,55.604374,-0.12608238,59.962196,2.9246738,62.471264,-2.6620865,43.54955,6.8730893,45.651405,5.004738,57.28026,10.419131,64.66921,-0.8438528,59.54608,4.886712,55.604713,-1.1690739,46.229992,-0.12417199,58.213306,disco
disco.00182.wav,661500,0.47319302,0.09154629,0.3223059,0.016485851,2141.322517479696,669004.8337015059,2529.0099697600913,178444.2207858461,4777.221112797504,3758425.739545619,0.074871429,0.002572969,-6.69E-05,0.061342895,-0.000580766,0.023650378,117.45383522727273,-52.387474,4087.9802,89.472244,535.9704,0.8246523,267.2393,17.340796,116.53489,12.453881,134.98738,14.168513,115.31399,1.6071507,124.03599,6.4118934,96.59078,-0.097079016,107.1534,8.909371,122.376465,-2.7366557,101.230385,1.5946621,82.629425,-1.904614,101.11461,3.637554,73.73204,1.7077268,86.14071,4.3446856,68.78374,-2.844341,68.70938,2.8101337,62.94338,-1.2884302,68.785835,6.115097,64.420265,disco
disco.00183.wav,661500,0.47319302,0.09154629,0.3223059,0.016485851,2141.322517479696,669004.8337015059,2529.0099697600913,178444.2207858461,4777.221112797504,3758425.739545619,0.074871429,0.002572969,-6.69E-05,0.061342895,-0.000580766,0.023650378,117.45383522727273,-52.387474,4087.9802,89.472244,535.9704,0.8246523,267.2393,17.340796,116.53489,12.453881,134.98738,14.168513,115.31399,1.6071507,124.03599,6.4118934,96.59078,-0.097079016,107.1534,8.909371,122.376465,-2.7366557,101.230385,1.5946621,82.629425,-1.904614,101.11461,3.637554,73.73204,1.7077268,86.14071,4.3446856,68.78374,-2.844341,68.70938,2.8101337,62.94338,-1.2884302,68.785835,6.115097,64.420265,disco
disco.00184.wav,661500,0.4102044,0.08126563,0.2507979,0.004140079,2328.5739129033263,245529.9925,2540.6966663905673,92847.86089830313,5295.776310498501,1293810.147619558,0.095245456,0.001063507,-7.18E-06,0.03577109,-0.000875202,0.014082771,117.45383522727273,-23.193123,2797.887,91.31296,405.87045,-0.21229766,569.43506,20.55647,144.1135,4.517224,101.72896,17.184706,114.852806,-3.5965118,93.67338,11.136943,79.63634,-6.8366313,63.253593,-1.5999355,77.65697,-2.0785868,55.792267,-0.61714524,50.395428,-6.6236887,46.127686,-0.68315595,45.245533,-6.2191043,46.50081,0.7185859,43.327267,-3.5287971,43.746014,-1.9564954,44.118347,0.1889716,51.826347,-5.9411273,43.50569,disco
disco.00185.wav,661500,0.42138493,0.0705439,0.25612476,0.003702036,3120.9926341873283,92945.33902046962,2944.9199000628428,10637.26050531923,6821.825416021672,178466.95110744442,0.12807821267898606,0.001242612,-2.53E-06,0.03579204,-0.001070148,0.015297053,117.45383522727273,8.838122,853.8566,59.534084,86.62233,4.3777366,84.97011,21.15716,49.158123,6.25604,39.077984,19.069475,24.87339,10.004781,31.977959,11.128477,20.549746,-0.23066498,31.006924,2.487929,27.48566,0.013029926,35.344017,8.825715,40.88369,3.8306117,31.044947,6.7814035,25.521454,2.6759024,34.23399,6.1269255,25.687014,1.8276839,20.389566,4.271977,22.321898,0.6011981,39.07586,5.211161,68.121544,disco
disco.00186.wav,661500,0.5157928,0.06492472,0.29350668,0.005472264,2312.795678658516,739275.5497328762,2470.4728059380795,269675.3078085329,4947.528416305872,3562675.9979382567,0.091422728,0.002831728,-8.96E-06,0.053082652,0.000557942,0.017201982,117.45383522727273,-5.227664,2224.3252,98.201225,1044.4418,-5.4193974,285.36978,24.864145,127.005394,11.627775,60.67271,11.07913,36.375412,1.5817391,43.912872,7.8622236,47.83734,0.12810028,31.085907,5.0459766,27.22187,0.44904232,34.06711,7.6777496,29.55711,3.4183357,33.736618,7.9355316,30.277288,-1.5280793,23.473522,3.6437588,23.85855,0.2161065,21.321745,-0.39529395,24.83714,-1.7123071,24.345533,6.564337,27.838568,disco
disco.00187.wav,661500,0.38203397,0.08313372,0.27157712,0.006048557,2888.014891,303370.7175875402,2853.7407553877856,59105.67258904342,6424.627817821208,1152412.3302206867,0.12230462703173374,0.001734279,1.4433108e-06,0.039467633,-3.96E-05,0.017986298,117.45383522727273,0.34980336,1079.6418,69.290405,259.72858,5.226038,149.34169,24.88013,128.83734,6.603034,128.00919,6.648059,76.30773,-1.6956357,60.6998,3.436441,64.62511,-6.1546617,75.87478,7.2920184,70.84228,-3.6224625,41.422653,-0.7980762,51.511707,-2.6595306,43.605724,3.3334148,35.414444,0.7784733,41.849022,8.89769,61.77564,2.897761,54.79506,4.076633,44.10052,-1.8024286,41.106937,-1.3438684,33.372097,disco
disco.00188.wav,661500,0.45915177,0.082140744,0.38562864,0.01596368,2673.786151494901,793723.8012680049,2810.4946718612227,151149.39279118305,6016.2802870428595,2734030.3644515574,0.094963145,0.004372015,9.777727e-05,0.1017473,0.002239763,0.024612209,123.046875,-0.49359655,1885.5,69.904015,612.16174,7.826038,245.9261,26.897573,200.77017,9.975136,88.05165,16.613256,102.7053,4.1158185,140.50851,7.900745,107.045425,0.053742222,78.59162,10.800473,67.74856,0.184632,56.68031,5.610542,53.25775,4.395111,57.6708,7.8756695,49.917553,-0.22542301,38.65378,0.6335639,30.18315,-3.5577807,35.567398,1.3631872,39.27202,-2.556904,40.940174,2.001251,46.430298,disco
disco.00189.wav,661500,0.37651816,0.086209014,0.30627042,0.007662965,2618.313558,310841.7543163104,2783.8568762286795,77357.40103130859,5943.155729217057,1305900.5719563877,0.098088976,0.001767381,1.2560535e-05,0.062484507,-0.000102219,0.013700581,143.5546875,-23.482317,1346.8074,70.58631,381.92374,9.893054,249.51291,26.861448,103.69102,11.506455,84.32999,17.480385,82.79559,-3.8517272,56.412273,8.3867655,69.019905,1.8779199,68.091125,6.2523336,79.44536,1.1419835,99.07645,4.301766,90.2635,0.97743684,74.76358,5.39345,80.62944,1.9010074,88.88382,4.6152706,66.95846,2.172872,88.35173,2.5279527,62.447258,-2.2737086,50.99373,4.79727,71.811806,disco
disco.00190.wav,661500,0.2637696,0.085142076,0.06906118,0.001432258,616.3669071227931,13325.714971771285,591.9115916391955,7450.358243076084,1065.968554233988,54348.48348621324,0.040249568,0.000113197,1.2558217e-05,0.005549149,0.000136258,0.000103762,86.1328125,-322.43146,2419.804,211.60309,292.23672,1.8454607,848.51337,-10.240337,89.509155,17.272514,65.9526,-6.5686135,150.98534,-12.769664,59.909508,-3.9898863,68.33572,-9.603325,76.852806,-14.15709,60.872704,-9.369966,37.28847,-7.1710744,55.47467,-7.431602,98.272575,-5.4008226,81.355225,-2.3259938,72.34202,0.28737602,73.599335,-0.21020281,83.92171,-1.7904903,116.70186,-1.9530517,147.43176,-3.2840164,137.9731,disco
disco.00191.wav,661500,0.50340813,0.07571287,0.3153914,0.012011249,2946.166759519175,354244.3133,2838.5703276644003,50989.92795867885,6413.936215805195,887783.6052305327,0.12117009118614551,0.002329561,-9.35E-06,0.053879347,-3.05E-05,0.024832414,112.34714673913044,15.069171,1238.4924,63.827206,244.92114,4.731044,171.18022,26.493143,121.54905,2.8824277,53.93761,16.579374,91.01098,0.7368759,52.031734,9.576246,61.38243,0.8593655,46.879307,6.299609,36.32185,3.4874249,37.424908,7.190425,28.872292,0.4484815,41.0242,3.2517076,32.197273,-1.7992989,31.263975,3.926743,20.943443,0.03477902,21.086378,3.341587,25.47263,-4.156442,24.849497,0.19086954,43.79271,disco
disco.00192.wav,661500,0.4214999,0.0827818,0.33148223,0.008980418,3252.6420841266554,287085.1243413365,3022.8480355248817,31601.176728369453,7032.782473726538,593298.3772206265,0.11447247484520123,0.002310775,1.5305963e-05,0.076288015,0.000123676,0.016408144,129.1992188,7.607862,1260.1736,48.6987,306.516,9.6539755,123.09104,29.762655,43.998592,11.218216,50.06755,16.73051,59.94564,9.0925045,33.780422,15.627018,30.54303,5.1314516,29.914951,5.563428,46.281635,-0.9878774,33.236576,6.5090103,35.48938,2.8202324,42.102596,6.2079573,43.7103,3.5579672,35.88371,5.2421913,35.281933,-2.0482547,28.394655,3.50095,37.34935,-3.4378047,46.178997,0.6573531,45.837677,disco
disco.00193.wav,661500,0.5196684,0.07761981,0.3463648,0.019435616,2738.890264,1023949.2573317608,2896.8559604379293,196374.7565060901,6211.137442101635,3615435.7065415145,0.087235678,0.003648842,-8.82E-06,0.064091615,-0.000214764,0.032114383,123.046875,-22.20683,2761.362,76.192795,812.9388,23.436258,328.5374,22.470415,189.77,4.868183,120.9222,10.60836,91.311905,0.026722917,75.18369,13.722759,52.525032,2.559519,75.15072,2.8967705,59.099567,-5.6933384,36.090115,3.1632586,33.24413,2.2805066,40.33092,5.0465355,43.555233,-1.374873,39.551693,2.313543,38.541023,-0.18453428,26.019812,2.2758892,24.596336,-2.6148329,26.04269,1.4430442,25.839518,disco
disco.00194.wav,661500,0.41847968,0.09296106,0.35629368,0.00648617,2117.991073237882,330476.7492000306,2452.763680052107,157411.82657422975,4746.137967419698,1874911.9647036027,0.065540798,0.001039344,-5.70E-05,0.06843151,-0.000853478,0.02944479,129.1992188,-15.897797,2120.3425,93.544044,531.86194,-4.9249496,266.942,28.813719,164.07146,6.1815305,103.53759,13.761752,96.39607,3.3044813,89.51377,7.02135,98.36531,1.8294817,64.0634,5.0006123,62.67236,0.9559893,49.62042,5.593142,58.9196,-1.0589364,59.513206,0.10897783,52.40122,-5.211279,58.571957,-0.23330826,42.464645,-6.06838,43.434097,-3.2502532,46.54316,-2.6535997,66.07035,3.1273353,63.67883,disco
disco.00195.wav,661500,0.40602407,0.087828405,0.25866508,0.016310818,2223.755481685824,677271.1088180359,2320.9367503258773,279154.06065307726,4689.171645220588,3168951.6304502003,0.095079924,0.003023621,7.822625e-06,0.024781838,0.000414191,0.031790096,117.45383522727273,-44.153442,5489.441,98.958664,980.74536,-9.371505,498.30423,28.054186,216.54416,-0.36074919,128.44597,8.618827,129.53256,-1.9970273,97.92781,2.156601,88.84498,-3.843449,78.31972,4.8771763,83.07149,-4.663378,60.69712,3.1161797,62.755913,-3.7070925,58.36628,2.7797456,48.6301,-0.8494548,49.92536,1.9564806,42.413635,-1.0003575,41.33439,2.4206939,53.863438,-1.2292817,67.729,0.5610773,54.525616,disco
disco.00196.wav,661500,0.4466996,0.08154281,0.33703208,0.009501656,2982.8574572697235,376512.3107505928,2905.406881357167,40276.10453585469,6661.259720273801,903671.7478747687,0.11671244618324303,0.003582457,-1.27E-05,0.06837822,0.000163895,0.026004307,161.4990234,21.734236,1015.54083,66.255196,370.8163,3.163153,109.72066,14.92944,174.3769,0.5961445,94.56719,8.029623,97.40011,-0.6192152,83.56382,7.0296493,77.23256,-0.32195252,55.212456,8.207109,70.40813,-2.0347176,54.024204,5.017324,56.675117,0.044657372,43.693542,3.8462749,38.352573,0.09584659,45.128693,5.4179587,44.5991,2.5429628,56.62163,6.59433,60.427303,1.8927493,61.891193,5.6287565,76.392715,disco
disco.00197.wav,661500,0.48110893,0.07739016,0.3516286,0.00626148,2795.381066111088,805499.4624344643,2926.8452649419014,151352.93761263986,6434.136093659297,2764787.6801882056,0.099716328,0.00392775,1.2870183e-05,0.06411996,-0.000206095,0.03241741,123.046875,4.7062044,2611.0405,74.58951,587.5264,13.831319,197.18398,16.213394,121.16183,11.000504,88.98589,16.835442,68.31272,4.5431542,60.332497,10.194011,61.924572,0.15952548,53.37713,4.7323313,51.652393,-3.3109028,40.60015,4.4532886,58.621662,-3.2238853,45.294342,1.671428,49.8259,2.4717164,75.10793,6.161546,66.76414,-0.46150118,62.312397,2.6864913,49.051476,4.875513,53.750374,5.3592157,52.134663,disco
disco.00198.wav,661500,0.431186,0.084293626,0.2689276,0.007990165,2462.442831755158,375335.84344189614,2607.8500770420997,69714.50112031416,5457.167001,1417669.774482259,0.10026432190886223,0.003118358,-3.05E-06,0.045265134,-4.04E-06,0.015800266,107.6660156,-22.037617,2747.7861,82.50822,533.96814,0.34316877,326.01337,20.499096,204.45258,-2.2857292,170.90741,7.1531153,166.7433,-4.073083,167.23004,2.092892,120.77276,-5.934173,165.88396,10.831519,125.70305,1.2300181,133.9479,6.951598,76.38734,-3.5481946,71.434074,1.9812018,80.065346,-1.0906994,97.37252,5.2440643,80.40489,0.397209,72.49902,3.7875104,78.186424,-0.49821487,68.76504,2.4431853,78.62134,disco
disco.00199.wav,661500,0.54068416,0.080847144,0.4004046,0.010074245,2531.866904600161,918361.6165457236,2825.5974119504376,164866.21081151057,5923.297515963623,3346274.257,0.085068647,0.005567568,5.98239e-05,0.092875116,0.001151135,0.040812805,123.046875,-7.984728,3156.2844,81.1314,1046.4716,15.183312,336.28647,13.506231,180.32585,6.5359244,140.6797,16.823124,128.46983,5.176556,126.728386,12.905764,73.357346,-2.0773509,85.163605,9.381844,107.23198,0.74283713,52.068134,6.785173,70.12091,3.0891557,57.575264,4.469258,47.761196,0.25564042,51.72534,6.1348786,46.508003,1.9670017,63.45616,5.124424,62.24654,1.4941956,50.470493,4.9275446,43.427055,disco
