filename,length,chroma_stft_mean,chroma_stft_var,rms_mean,rms_var,spectral_centroid_mean,spectral_centroid_var,spectral_bandwidth_mean,spectral_bandwidth_var,rolloff_mean,rolloff_var,zero_crossing_rate_mean,zero_crossing_rate_var,harmony_mean,harmony_var,perceptr_mean,perceptr_var,tempo,mfcc1_mean,mfcc1_var,mfcc2_mean,mfcc2_var,mfcc3_mean,mfcc3_var,mfcc4_mean,mfcc4_var,mfcc5_mean,mfcc5_var,mfcc6_mean,mfcc6_var,mfcc7_mean,mfcc7_var,mfcc8_mean,mfcc8_var,mfcc9_mean,mfcc9_var,mfcc10_mean,mfcc10_var,mfcc11_mean,mfcc11_var,mfcc12_mean,mfcc12_var,mfcc13_mean,mfcc13_var,mfcc14_mean,mfcc14_var,mfcc15_mean,mfcc15_var,mfcc16_mean,mfcc16_var,mfcc17_mean,mfcc17_var,mfcc18_mean,mfcc18_var,mfcc19_mean,mfcc19_var,mfcc20_mean,mfcc20_var,label
metal.00100.wav,661500,0.5467222,0.071286105,0.23562773,0.0149244685,2525.3093706175514,119526.41116964095,2248.962350376676,110143.01728205709,4978.2282306682955,448438.2152361966,0.11540444199883901,0.0015594563001179972,-7.882723e-06,0.03764068,-0.00010906964,0.010439911,95.703125,-30.175516,5121.8745,74.14205,279.8872,-37.771076,928.2376,38.851604,276.72742,-13.234442,564.1459,8.896926,273.0463,-10.307727,432.27606,2.359298,215.87665,0.8169898,182.9081,-0.42823815,199.7437,-2.602206,92.502754,4.319605,122.599396,-2.12655,47.84809,-1.6904107,104.76841,-2.599651,24.518269,2.1306567,30.778463,-4.978848,24.755074,0.036264803,30.149036,-0.89763194,36.313206,-0.47505978,31.883991,metal
metal.00101.wav,661500,0.543177,0.07347494,0.3278977,0.0015899936,2963.2523175392316,319283.9203642461,2594.3380937700986,197405.20764245844,5967.58891480626,1383873.8750768548,0.11491691660216719,0.0011307226006034433,-1.5214334e-06,0.07418437,-6.935672e-06,0.008803835,129.19921875,15.964363,825.37866,59.714226,760.65234,-13.909973,778.22516,53.278687,317.41483,2.811785,80.850716,20.151905,46.24741,6.350855,29.79048,14.709692,39.743797,11.339192,31.27319,14.444445,35.085117,6.6297216,20.68552,12.196509,21.330296,-0.36652493,19.77046,0.21707441,17.496992,-1.703557,18.368591,5.4839387,19.250515,-0.8725949,23.338367,2.838029,18.122795,2.7755113,24.274336,4.133899,15.020838,metal
metal.00102.wav,661500,0.52085733,0.07578354,0.22798634,0.014764672,2557.925846310504,323536.7828338256,2460.429599068936,216492.2358355417,5376.517488934307,1437758.5373668561,0.09991398389125387,0.0028166341312452943,8.928139e-06,0.04333901,-2.8548762e-05,0.0075230612,129.19921875,-59.850403,7496.1914,72.84976,588.6033,-19.154917,1175.6743,34.155975,236.98631,-4.8521147,381.28226,14.04016,217.5827,-1.4069902,288.32724,7.7224445,210.57896,0.91827166,115.981026,2.6713169,171.90732,-0.3165782,80.61831,10.181493,146.80452,3.2713552,79.06887,2.150294,111.165306,-3.5919144,32.38771,0.23374632,40.688023,-5.3068757,37.57737,0.90120393,30.17373,-0.31941947,35.6195,-1.509454,27.135355,metal
metal.00103.wav,661500,0.5257934,0.0693886,0.239864,0.01340841,2702.6516425275713,348956.9836030246,2456.3720013707944,151907.5444853731,5465.116953185468,1158063.224935661,0.12711072041892416,0.004570810125152894,-7.2247008e-06,0.033076946,0.00018113705,0.013727125,151.99908088235293,-19.50136,6459.2354,75.493385,944.8393,-16.36384,580.59015,46.926712,197.61438,-1.3400754,246.64711,13.070297,47.59245,2.0629747,62.860935,7.6916647,67.411224,1.3194774,32.347458,2.1190755,70.86464,-2.2188296,26.19755,3.8430538,61.342033,2.3174899,27.263748,-2.897507,62.341488,-4.270877,23.309534,0.59566116,32.44656,-8.560249,24.612486,-2.1949377,25.91104,-5.167295,19.570131,-1.7901498,25.884989,metal
metal.00104.wav,661500,0.55714685,0.065961026,0.24357079,0.006888014,3113.1768708124573,598493.6743254472,2946.967070883298,94110.82537803498,6807.650501735439,1377739.463153867,0.14305317881675697,0.008689503561206203,0.0004898387,0.032298863,-0.00088608323,0.013100181,129.19921875,-25.038385,4342.3994,54.461372,564.0188,9.566694,328.6556,35.66636,123.01978,16.753788,82.30147,19.358715,47.9113,6.1439238,46.828518,14.1940975,57.185474,3.1251512,37.999634,6.5371575,52.369812,-4.1616817,27.227472,5.6321845,34.088955,-3.1064878,21.671173,-0.63419527,26.721174,-3.775818,29.542603,0.8250296,24.543455,-1.8478894,28.652855,4.570324,20.379961,0.6326987,28.070745,3.216156,26.052673,metal
metal.00105.wav,661500,0.56380206,0.06475839,0.28897384,0.008829652,2459.8017489903946,192697.586534559,2242.203919637209,192386.44168587265,4963.728318347281,768968.2688217121,0.08968048568111456,0.0005932344287134852,1.3248536e-05,0.057998605,0.001554133,0.009077629,129.19921875,-6.451634,1679.3502,85.25935,702.9792,-34.678238,1080.8627,58.29707,149.27235,-4.160579,334.10114,19.711214,44.310555,-2.3716745,127.03813,5.459819,90.31955,7.489723,46.92957,4.2208824,116.57767,4.9146123,31.857603,3.2595794,100.54012,-5.62191,38.396084,-4.2961416,80.136,-6.341583,48.418385,2.0641775,57.100883,-3.65262,40.273605,-1.0785625,54.49718,-0.088984065,27.395508,0.98734605,36.878754,metal
metal.00106.wav,661500,0.4360527,0.078386396,0.21425092,0.0053787846,2192.5389679864097,224367.24671710745,2159.1980891968415,181443.4050535528,4515.772693740325,1263037.9645627118,0.10179908209171827,0.0014251715425371895,-3.8028625e-06,0.024966016,-0.0001787678,0.013730348,143.5546875,-32.924583,1534.527,100.105804,569.0154,-32.608143,619.39154,41.041855,144.52428,-0.12694708,115.68264,12.686157,54.38583,0.98426324,34.23353,8.945989,75.959785,1.8449149,33.862167,6.1869926,47.59869,-0.28625518,32.382004,2.057081,31.505608,-6.8081584,22.639805,-4.857007,29.922092,-10.955633,22.424997,-2.938427,25.450016,-6.9404645,26.079891,-3.399381,22.966125,-4.8198175,25.952066,0.20321846,24.511276,metal
metal.00107.wav,661500,0.5343935,0.077098556,0.28624916,0.014683,3081.0971448814794,1637633.4497148455,2760.9272433616898,81165.78204756795,6259.5621492840555,2514721.662552343,0.14698626160990713,0.024974193919351597,2.1228589e-06,0.069939904,-0.00019096592,0.009493365,107.666015625,-41.600403,5638.9526,48.887806,1707.803,6.3757377,223.85773,36.856792,100.51178,12.087536,49.41836,21.346348,31.57658,8.887745,32.232452,13.9472275,28.832376,5.680673,19.668438,7.312937,19.812096,3.440432,17.040009,7.1160507,18.99514,0.9588515,16.256891,1.4379065,21.966822,-2.4214063,17.23807,3.3229694,19.876877,-2.864087,19.577871,2.374278,18.322054,-3.1897104,19.731792,2.8527236,20.99729,metal
metal.00108.wav,661500,0.60721594,0.049718212,0.17102867,0.0014516982,2713.3307540224505,252417.77173986344,2409.098229871964,106257.59847320891,5366.3425504607685,942585.4785807789,0.12408730710623066,0.002019865759010073,-8.0767603e-07,0.017322632,6.9147674e-05,0.0060504633,107.666015625,-40.42069,1170.5417,67.90325,392.9875,-23.921728,407.33392,51.604454,162.99309,2.1987967,59.366123,16.984247,38.970516,-0.07311441,41.189434,11.64233,37.19822,5.6207376,38.109795,9.0361,21.527004,4.3606215,27.242527,10.605587,36.038628,-1.116888,30.391916,-0.24757877,27.31141,-2.26526,28.788132,2.7877047,23.645287,-1.154049,29.250471,2.1061919,22.474882,0.73352814,33.418514,2.702866,18.134651,metal
metal.00109.wav,661500,0.5784431,0.068921536,0.26873162,0.0071886303,3123.1527006058814,608068.0746100098,2864.730855748944,94454.27668782642,6539.652122284975,1369302.6879640042,0.14076558871904024,0.008106452926327362,-1.0628565e-05,0.02903438,-0.0017298997,0.021324906,161.4990234375,0.00806401,1933.9629,57.471313,854.287,13.140099,285.31033,37.946255,93.36649,8.662891,116.08878,20.192398,45.33381,1.5292084,60.282616,10.602187,50.98116,0.30275092,62.76167,7.0565515,43.325813,-2.8181534,28.661922,3.3384733,38.531933,-5.088121,39.90063,-1.5208731,31.94033,-2.8420444,21.322765,2.7790926,26.728256,-1.9130652,27.16411,-0.8362028,53.517876,-4.918205,42.14709,2.2740984,22.12445,metal
metal.00110.wav,661500,0.5028974,0.06851462,0.21618752,0.004186215,1609.4904110976925,186176.71617669522,1993.9159512144688,87639.18505374227,3968.517669583253,651763.1668279871,0.05307299729102167,0.0007985329527210889,3.531089e-06,0.032396268,-3.7435868e-05,0.0052111903,117.45383522727273,-88.73917,2502.6733,123.99765,592.23016,-8.811255,173.50854,60.363697,114.88806,-15.594645,107.3832,17.576145,27.66182,-5.357988,21.968819,6.682589,41.756287,9.844164,56.86504,3.0673168,38.54353,6.860793,29.045671,5.10253,22.92222,-2.4372454,18.785666,-2.5192595,26.452263,-5.996191,25.480856,0.0031370807,17.985678,-2.1392477,23.35074,3.892888,28.128256,-0.3730293,22.131002,-1.2414612,16.862627,metal
metal.00111.wav,661500,0.501988,0.06821143,0.2161767,0.004185232,1604.8186258715407,167197.55390037256,1994.4550151583492,89246.44971164952,3965.842685758514,635234.5026245114,0.05232659212945046,0.0005868842883514034,3.6926883e-06,0.032395184,-3.9205326e-05,0.0052118674,117.45383522727273,-88.71201,2489.945,124.04441,589.4258,-8.835229,174.6867,60.366413,114.94419,-15.633166,107.35714,17.582317,27.5815,-5.311823,21.717402,6.6430874,41.531662,9.80153,56.951122,3.038852,38.382233,6.9178176,29.011002,5.107577,22.852884,-2.4546509,18.932789,-2.5282588,26.518202,-5.9920726,25.065184,0.04130285,18.236103,-2.1235802,23.67962,3.8525596,28.675255,-0.40183586,21.460354,-1.2617602,17.105206,metal
metal.00112.wav,661500,0.5507069,0.07356654,0.18786624,0.0031805784,2682.4372131495497,301973.7968401479,2610.598515413323,82391.13073688999,5631.840945028299,1016430.8271793049,0.1087249661377709,0.0022087407585855362,2.1651217e-06,0.019293107,-1.604055e-06,0.0071789655,103.359375,-51.56538,1200.0062,66.27535,308.42966,-2.8933868,188.603,47.506775,127.80464,3.275058,39.092716,15.1505165,44.56568,8.984222,64.01668,16.763094,45.8525,3.988003,41.39136,6.733462,26.43627,3.7084548,30.012154,8.6546955,23.726173,0.26343638,29.371643,0.5173626,29.439837,-3.1135316,28.402758,2.6962283,22.986898,-6.051594,16.427505,2.487905,25.233145,0.13759698,35.446316,2.363146,20.704218,metal
metal.00113.wav,661500,0.5333869,0.074474856,0.29969135,0.010437995,2323.096974212279,459119.7422993722,2190.7035970428096,258576.72094685043,4646.771901606037,1824254.6823407665,0.10437918742743808,0.0019097600935744736,-0.0007993081,0.052673824,-0.0035929077,0.015779318,143.5546875,-7.167638,9075.99,88.709984,1557.1914,-22.474024,306.23737,40.417816,325.26263,1.1700394,93.94507,14.579463,86.43416,3.0070076,54.550552,14.618079,53.521084,9.479396,36.35583,12.409663,50.85987,4.9515133,73.434074,10.4236145,51.624317,1.8563342,26.739765,3.1292648,42.66646,-0.15387473,31.01883,4.2493596,32.09109,-3.7822711,21.871834,0.58765554,20.510984,-2.8401413,26.613167,-0.8990771,42.0106,metal
metal.00114.wav,661500,0.5032217,0.07348496,0.3158283,0.0015682888,2471.971858792557,305536.06484422524,2555.413350772524,92784.53830206463,5327.226120325803,1042676.340327846,0.07214166505417957,0.00102695384089241,-1.1367048e-06,0.07372084,-2.3172639e-05,0.009304982,112.34714673913044,-21.799606,1689.3773,67.31472,406.48547,-1.61746,252.22998,50.585438,51.444622,1.8444204,72.08867,19.386992,44.97291,12.126084,69.687775,22.526104,55.88702,6.7021213,40.01182,7.5786014,26.344288,4.575858,18.978724,11.243076,32.76699,2.4130604,20.980425,3.209822,19.402266,-3.4883463,19.372643,0.37698203,14.752147,-7.138256,15.488464,1.8494731,14.541551,-0.28125888,27.427498,1.3899539,19.27124,metal
metal.00115.wav,661500,0.27967814,0.08141167,0.07912838,0.00091033365,967.3953651349647,103997.11156873374,1253.7989499158832,38165.839164273086,1573.8904828995744,331671.1310701876,0.058392315088041796,0.0006375045445816185,2.2922686e-06,0.0057412907,4.649099e-06,0.0002643088,123.046875,-234.12823,4622.354,182.70978,648.6785,-12.617261,106.36376,22.49711,76.00153,-2.672869,88.42087,6.4344177,31.221035,6.8838525,60.216248,3.7505536,26.505663,-7.9961715,45.359135,2.5066204,72.6826,-5.7190685,79.21002,-1.6765624,45.03675,0.99173945,66.603836,0.19224426,58.87752,-6.502962,39.692448,-4.37638,19.596832,-0.64874756,19.182642,-4.97442,30.106787,-5.6126804,41.094494,-5.0499883,74.78691,metal
metal.00116.wav,661500,0.34496638,0.09167077,0.18423177,0.0072119674,1704.8901306754847,343912.39090704464,2033.3516034796992,140416.27333605252,3641.202982143721,1598490.283445777,0.06117574496904025,0.001296377567986746,1.6846379e-06,0.023481097,0.00026395265,0.0066223573,129.19921875,-95.23394,5303.514,116.45329,640.11456,-14.363189,177.03058,36.68726,239.22487,-0.14201024,70.068504,12.066407,94.04813,-3.0998747,39.974777,8.79617,39.071083,-2.3364427,31.148994,0.6145286,37.59784,-9.212307,25.278133,-2.6262722,38.66168,-8.678351,37.548714,-2.9314141,21.794794,-4.3849034,22.070282,-0.034802463,25.860857,-7.342506,20.081758,-5.2272797,50.084198,-8.486033,42.62591,-3.5026214,23.695585,metal
metal.00117.wav,661500,0.4213722,0.09154999,0.20172885,0.009518329,2974.695534431604,580947.7538779275,2467.996377053763,304881.3627445428,5825.048110064338,2130949.4018586436,0.15589928405572756,0.006134671590814725,1.5721693e-06,0.016948422,-0.00028113523,0.01509477,89.10290948275862,-49.21367,8598.147,58.912254,839.1643,-20.248678,1095.6492,44.99682,322.43945,-0.8624933,276.7665,13.496205,155.70866,-0.11795563,118.51769,1.4440334,241.19916,-3.5457363,71.56471,-2.5077236,220.7631,-8.716337,55.080265,-6.9702396,128.26262,-6.683713,67.53212,4.9001026,99.34381,1.4469875,95.3151,6.22054,87.75453,-1.8048859,72.87254,-1.407207,69.900215,-6.324474,59.914318,-4.492546,57.60705,metal
metal.00118.wav,661500,0.50494444,0.067853354,0.26060358,0.0048966175,2656.013839733427,92756.57093018046,2311.280568196575,105004.93175580996,5173.252051385933,422540.51906179497,0.12282352034152477,0.0012702319383378978,-1.1920712e-05,0.044015195,-9.581793e-06,0.009751695,143.5546875,-0.10596648,697.3074,72.72315,207.07256,-24.02942,642.1902,56.10248,68.34321,-10.574544,207.6057,6.7630687,65.87194,-1.7835132,78.46981,12.33229,72.19637,4.9108233,54.790527,0.22770686,139.72546,2.5133646,37.786522,5.9915466,82.42906,1.1832182,31.254868,-1.538494,52.410614,-9.14684,53.463272,-1.4654504,26.096344,-11.624509,43.82493,4.1433735,17.562368,1.7072514,27.590788,2.2897043,21.00159,metal
metal.00119.wav,661500,0.3830637,0.08803262,0.020572323,0.0001173296,2645.348222378833,81761.51846377991,2694.3927428340958,16715.286490951712,5872.16449182469,339989.76879988826,0.115243067313274,0.0005002808996319541,-7.4759676e-08,0.00025782845,2.251446e-06,0.00012557015,135.99917763157896,-245.5479,4628.503,81.79756,175.80693,-6.143532,131.517,5.184655,45.597416,-3.5628495,31.55615,0.6312514,30.56708,-12.462448,66.00364,-3.446294,48.50194,-1.6039151,23.948582,4.0092125,31.44352,-6.661323,45.257637,-3.9327314,42.933334,-6.075044,31.979343,-4.078596,43.53617,-12.3326,40.29184,-7.8759766,31.254572,-8.268368,26.718098,-1.1855478,19.859514,-5.1671314,23.077873,-2.2820003,27.329298,metal
metal.00120.wav,661500,0.49105895,0.06785939,0.17786357,0.011079831,1835.0956250715356,831201.4211683118,2062.4397054449555,515674.3515763831,4025.4089922358744,4544495.568836779,0.08218090895897832,0.0028901691823158835,-2.995809e-06,0.01613722,-2.2797429e-05,0.011743694,95.703125,-88.200836,5623.062,128.93622,2484.0535,-9.156255,290.0148,33.74712,395.90036,-3.1540642,107.14379,6.5886874,63.974907,0.8727243,46.483944,4.449925,46.180264,4.3571067,48.23103,0.17506896,45.094524,-0.059437517,33.461067,3.396782,29.399414,-1.0779738,31.525717,0.7418485,29.662659,-2.7742329,29.366858,1.7099817,27.138048,-2.5580919,19.728672,0.59537125,21.36104,0.93662417,30.052786,1.2632788,16.328642,metal
metal.00121.wav,661500,0.43682772,0.076745756,0.27316448,0.003419885,2605.8758395457708,478593.9044313327,2474.1373159025507,194296.2871804959,5405.067316297407,1682422.537069554,0.11484208712267802,0.0027463200042519924,-2.8938703e-06,0.03556562,-0.0011302816,0.017436512,151.99908088235293,-7.0946074,1738.4001,75.30201,878.9803,-10.017756,511.94107,54.977016,258.2487,6.973416,71.117874,19.431786,31.127047,1.0447456,56.351902,9.276202,47.65088,-0.65203774,33.804256,3.751651,36.345,-6.579673,31.937992,0.56873673,29.955446,-6.332309,30.10105,-0.64787346,33.02679,-5.7539787,33.360245,-0.67167366,31.418243,-4.795508,33.959354,2.1362445,27.265686,-0.3330081,28.581947,1.5322293,31.855684,metal
metal.00122.wav,661500,0.4093067,0.11167672,0.21689528,0.02274557,1736.2295469788035,690284.0587891013,1732.130187230681,919973.1745499282,3577.0033703499903,4199399.601442824,0.0625427057130418,0.0007170263674371872,9.3439585e-06,0.053244527,3.4804656e-05,0.0048839464,129.19921875,-141.48192,22528.111,98.10594,949.46576,-14.185632,428.00485,4.856412,2127.9214,-11.013362,324.3791,-1.9536707,753.45514,-6.83705,314.2757,-1.4932842,389.51236,-6.082351,326.84357,-4.377962,236.5373,-4.1023927,152.2834,3.1122122,145.18484,-2.039127,57.703644,-0.97894365,86.65585,-1.2927003,36.684128,3.9760027,63.249794,0.04166613,71.63489,2.713518,84.55977,-2.0578873,57.367443,-2.527219,81.40903,metal
metal.00123.wav,661500,0.3187489,0.09810581,0.12729318,0.007287563,2446.1002019004723,402244.30007379793,1833.9747747367942,255871.86231445483,4385.131817041167,1423690.5324325287,0.13841564072174922,0.0052559317094678735,-2.1655496e-06,0.011293291,-4.2797863e-05,0.0052325954,129.19921875,-164.91689,12908.519,75.54841,852.0906,-61.500507,1113.081,59.37435,474.17792,-19.982265,433.65457,-1.3841243,298.68137,-8.665535,157.55312,-15.411845,262.48566,-8.252422,77.206184,-12.385089,167.6799,-4.368975,56.090424,-6.2978373,163.35335,6.4854527,184.94827,19.713478,294.60028,7.764529,249.48848,9.227028,221.89996,0.83598304,167.22272,3.93566,135.53517,1.6171939,141.60141,-7.911589,95.84731,metal
metal.00124.wav,661500,0.50716203,0.07890846,0.12861222,0.0037141913,1734.9624423095083,698427.5579861787,1955.9690144299457,359525.91504538705,3548.10354510328,3536121.050198611,0.06933971676664087,0.002681054921822028,-1.2545152e-06,0.0047058035,0.000104090854,0.009512771,123.046875,-126.1076,10534.865,128.75609,2107.0608,-9.241653,739.94904,25.62869,215.19977,-2.6632855,147.94565,15.95057,104.56077,1.1045078,105.79235,4.623613,52.67724,-3.9673176,58.294323,0.9939647,51.669613,-4.3940315,46.1973,2.5312548,44.35394,-3.252898,39.09047,-0.41244814,32.227192,-2.1924798,33.12032,-1.6669351,30.57183,-4.0118494,26.007881,-1.1752563,27.497599,-4.3439593,34.548523,-2.4145515,24.658531,metal
metal.00125.wav,661500,0.571535,0.059328273,0.27893528,0.0027467865,2638.234354971174,57282.39016387231,2538.804173001699,13013.2279847631,5441.942093320676,190215.38867740327,0.11018792025445047,0.0008384435694791441,1.9171665e-07,0.04851002,1.6778367e-06,0.009924302,143.5546875,18.983744,1838.2418,75.18684,97.32792,-13.273064,51.42044,34.74269,31.973425,-1.0215448,20.487257,14.731257,16.869041,3.1723127,24.953077,14.158584,15.589971,7.0644636,21.316357,6.3557544,22.57763,-0.14175111,17.652267,10.473857,26.083536,0.59510475,16.876814,2.8170407,15.853219,-1.1665698,16.960938,4.149631,17.610073,-4.1049943,18.750088,1.2931689,19.779606,0.2411447,19.328587,1.5197442,14.114367,metal
metal.00126.wav,661500,0.52101624,0.07924426,0.13868359,0.0007419109,2273.9361321278107,293127.37978823006,2308.8719027890916,108563.3205661973,4835.620759662829,1157731.5539468115,0.06660277186532508,0.0022635387400123546,-4.906599e-06,0.015545952,3.7064307e-05,0.0020355503,63.02400914634146,-117.20062,6202.9253,76.680786,1024.2917,-20.87418,873.4053,42.844772,364.4393,-0.0477516,77.48173,29.462595,129.27303,-1.5828182,67.60094,23.66672,35.766582,8.190336,32.10357,18.103422,28.100735,6.7940445,18.2567,15.347827,25.087957,2.5832496,14.750617,7.467116,19.903229,0.031427436,21.668764,5.472919,24.52593,2.318174,14.871514,2.3655248,27.920128,-3.1316013,38.43376,2.4891222,15.092146,metal
metal.00127.wav,661500,0.5579388,0.0727938,0.25419155,0.012678731,2621.7481680090145,689812.4731963475,2482.7701454251905,121409.37274349206,5322.292816823481,1944736.0832533762,0.11224988813370743,0.008696597192084493,-7.303238e-05,0.05330855,-0.001002597,0.01033089,123.046875,-42.960957,7151.9536,68.67388,1163.2833,-13.670951,331.22906,39.703278,137.13776,9.61284,78.95576,16.195276,84.86624,4.7238474,53.5668,12.336318,52.156094,3.81014,50.822254,6.770649,36.43522,1.5633875,37.791855,9.109404,48.3458,2.2334967,36.698936,-0.96140105,61.184948,-7.5979705,56.304157,2.8212795,28.679844,-2.6517785,37.33969,6.031958,27.999311,3.0291598,25.109203,3.6490078,26.86235,metal
metal.00128.wav,661500,0.53792316,0.06246422,0.28092566,0.018440805,2221.4395308757307,355955.41278673825,2302.166178504664,332953.24587783805,4552.697470461252,2421336.031588804,0.09308144773123066,0.000510052795742844,-1.5635751e-05,0.05247204,0.00038001576,0.011786941,129.19921875,-20.771832,10575.114,98.22822,1638.5712,-19.017578,255.65001,17.443487,706.25037,4.263685,253.66733,15.41386,77.68072,8.266374,54.7338,7.92298,49.794666,9.873585,40.266182,8.237811,26.097986,5.884771,26.690142,10.679675,25.242325,-1.4584627,32.203995,0.9211661,28.414461,-2.6937308,21.006811,0.8723568,25.256298,-6.557188,28.560799,-2.0743604,24.078043,-1.6064081,17.85167,-0.022340816,16.467133,metal
metal.00129.wav,661500,0.4790672,0.07569193,0.2819674,0.0012074943,2252.161685645562,282668.98132072494,2394.7088367581086,192426.69859929656,5053.211110590412,1287866.0378395459,0.08335474917763158,0.0009768163709157217,6.1250407e-06,0.048900057,0.0001365949,0.009465403,117.45383522727273,-5.026492,2087.3118,96.35478,731.96655,-10.751142,468.8362,40.10464,217.62538,-0.7627641,62.405296,21.877356,43.516853,0.97082984,31.448046,8.214046,62.75276,1.1249108,21.522543,6.1379747,34.780922,-0.9186803,20.338991,6.0539722,20.35612,-1.604169,20.741848,-3.2050612,22.86921,-5.2519603,26.49347,0.9781669,26.50586,-5.7098536,16.755005,1.2965343,17.549416,0.8779446,29.073372,1.5620058,22.575289,metal
metal.00130.wav,661500,0.45832005,0.07598164,0.33056965,0.0021905445,1945.3467864821018,115485.36247954008,2030.798393054991,112052.5775036688,4051.067170417715,474055.988198701,0.0927817518866099,0.0006393477690454232,-8.446063e-06,0.06750937,6.431402e-05,0.014290698,112.34714673913044,7.9266777,912.55164,114.00285,414.9924,-32.896297,447.61243,36.76969,155.8397,-7.577297,111.95223,17.043764,45.383877,10.457088,60.494236,4.345357,41.83778,5.9776554,40.40889,8.011675,39.055496,-3.0408084,32.03367,3.8187587,35.640007,-2.439843,27.601543,-8.486874,30.954504,-7.3746343,26.371359,7.0937757,29.679064,-8.658405,23.401875,1.9076056,27.042936,-1.3239565,28.031254,-0.38539916,32.79895,metal
metal.00131.wav,661500,0.5134962,0.07882229,0.2003527,0.014259654,3013.1158964650513,521519.12172137713,2721.077552720475,112296.38179089302,6209.70411743542,1545473.7012824204,0.14829728920762383,0.006332952626851001,-5.7851194e-06,0.023220122,-0.00070135936,0.011753701,99.38401442307692,-39.735565,5802.826,59.230854,731.3712,-7.382172,383.2288,25.734575,179.58124,4.9133835,148.36626,16.15825,119.92167,-2.8532746,79.06798,5.3315763,91.9039,-3.685977,61.27535,2.556035,71.79143,-5.7008696,49.83978,1.3341215,40.650223,-6.0060787,41.2735,-1.836533,51.236588,-4.5665293,41.342453,1.208715,44.4226,-4.869688,35.528545,-2.3548415,46.423508,-6.8266754,33.76852,-0.3611614,30.472784,metal
metal.00132.wav,661500,0.49219662,0.06935135,0.22603405,0.008907189,2069.9529662651958,82931.53802973511,2130.451548030027,42766.46150028877,4555.947450809065,170521.99517796916,0.0887024114744582,0.0008001672348505692,4.756913e-06,0.032217134,-0.00014838448,0.008188712,143.5546875,-43.149033,2077.102,106.18944,232.01495,-19.12168,352.72943,60.915455,71.308586,-24.749756,188.36595,12.53427,39.906013,-9.453556,124.33497,3.120329,104.83986,1.9087805,28.293976,-2.8981616,132.17015,-1.761692,20.351345,-5.274108,87.677185,-4.2331424,15.420433,-8.856104,83.70114,-10.056284,40.223816,-4.4504695,25.036507,-10.576423,28.63506,-4.063434,37.878036,-5.45759,15.901424,-4.114348,30.345043,metal
metal.00133.wav,661500,0.44005504,0.0859889,0.2513869,0.005626629,1707.95737992926,505924.17418599094,2070.0290056444965,281129.81783051376,3793.7520597003195,2485471.338173832,0.05127557807662539,0.0010837777483680272,4.0264592e-07,0.04264616,-0.00043656418,0.011618103,143.5546875,-75.771,3650.2275,115.29823,1062.3839,-11.939683,302.91714,45.734734,182.01553,1.9843026,111.588356,13.454791,53.03433,11.980011,37.741074,7.694478,58.399406,3.0195885,26.745686,3.2443511,74.91968,6.484348,43.482548,-0.2702425,64.04193,0.74253196,42.048313,-2.4164565,30.498247,-5.5936027,20.45893,3.9795601,27.464651,-7.9209633,29.088417,-2.1997766,22.879026,-5.883722,31.907326,-1.9024719,20.056084,metal
metal.00134.wav,661500,0.51374274,0.06911695,0.20330189,0.010604377,2523.453010198295,376404.0239115452,2403.632668164829,264424.0049691361,5284.976375804228,1764019.5126856293,0.11653595443111456,0.0027483117754207613,-2.672984e-06,0.025062766,-7.188238e-05,0.01075948,129.19921875,-45.508633,8094.04,83.83086,752.68915,-22.75486,1126.9263,33.635296,168.55453,0.38947836,221.86441,11.261314,97.67336,-2.2142687,84.257095,4.9775176,230.8788,2.2358131,78.971725,3.539964,115.49637,-1.0497503,52.139717,2.439163,97.31583,-3.3504224,81.689316,-4.068237,79.554016,-4.4555674,45.86051,-0.07073181,49.54319,-5.1452394,47.18398,-0.54307795,69.07971,-0.20665035,42.897263,-0.15913746,43.19734,metal
metal.00135.wav,661500,0.4945871,0.071766056,0.21012688,0.010065863,2603.726252684796,370865.9975379256,2406.6637067202428,258673.01505656057,5374.809165930969,1698406.1711978274,0.12509901678599072,0.0025381537912004576,-2.961949e-06,0.025882352,-4.646312e-05,0.01116628,129.19921875,-34.233124,6953.1836,81.01507,824.51526,-23.703606,1094.361,34.96786,203.87962,-0.57075167,191.92854,10.150123,100.253586,-2.6699836,97.66427,4.5359125,225.39113,0.868364,69.60258,2.934466,134.33255,-1.7253021,58.055267,2.3142543,98.028145,-4.019046,81.22441,-4.3487916,78.557434,-4.16144,53.565033,0.22250584,53.422844,-6.004111,47.539722,-0.5573511,72.385895,-0.5306361,48.639477,-0.5422812,46.932713,metal
metal.00136.wav,661500,0.60473317,0.051799737,0.17966814,0.0035050388,3220.6515037326412,385422.50417857844,2446.079695650984,70817.9437602075,5826.773099633562,926400.3976526441,0.1975524713380418,0.005733990284841692,-4.003937e-06,0.016134037,-0.00010856456,0.0072971303,129.19921875,-23.451733,5963.008,47.083088,873.28424,-24.312263,244.73701,46.999294,259.37897,-0.58030415,106.697754,13.680277,67.0871,-0.19840337,64.253136,9.239125,76.053795,7.2172027,67.84806,3.3381038,37.504948,0.7247258,23.388533,9.791842,24.446205,-5.057576,40.27114,5.4778843,39.042347,-3.4001775,35.562046,2.3198645,34.1643,-5.183154,27.561228,0.14052862,30.445717,-0.6548451,38.6486,0.8991513,19.828821,metal
metal.00137.wav,661500,0.5734267,0.066236295,0.28880936,0.004839022,2495.457448278454,140372.27357143513,2428.5444006206662,63193.56229600556,5001.728088567869,655853.4745829969,0.10893320372968267,0.0010083646763676974,-3.4254137e-07,0.036803342,0.00024580688,0.020109985,86.1328125,15.421039,686.4619,78.599915,210.58292,-22.463995,160.9883,37.691414,61.658936,6.2825146,60.606773,12.868516,23.036821,9.812769,53.532436,11.822417,26.819588,6.6025558,29.707052,8.156033,23.552786,-0.1867662,16.720507,9.236334,18.548214,-0.06043312,23.535183,-4.9902873,20.775013,-5.9852977,21.874268,0.68852395,21.495216,-5.33688,20.93103,0.18528318,19.082321,-4.752086,16.624537,0.1895875,24.501106,metal
metal.00138.wav,661500,0.5639861,0.063226946,0.31222448,0.00397498,2575.227551364153,161073.58059808644,2492.518001938198,54840.19002517555,5276.018096640383,723934.4074088897,0.11974946485584366,0.0010775656592395834,1.2402322e-06,0.03725749,0.00031765777,0.0262041,112.34714673913044,37.74957,518.42175,79.231895,223.67398,-20.119116,142.22916,28.345444,89.94454,4.082931,96.56551,15.275597,61.321953,7.2341633,52.168476,10.38699,49.05842,1.4344457,47.46413,6.2551866,44.6742,-1.1039271,34.91342,7.0103717,38.56612,-1.423862,40.62321,-3.0743484,29.884579,-4.3971877,28.895357,0.61632186,27.714895,-6.3022003,27.879717,-0.5177865,25.775934,-3.9843156,24.415545,-0.032524273,29.195179,metal
metal.00139.wav,661500,0.53558904,0.06596301,0.23935466,0.0049865358,3215.712913350472,702110.1687293691,2902.2113248423066,47306.555348489055,6719.667700422068,971307.2067825621,0.15936940668537153,0.010815027134792059,-3.5833068e-07,0.033752542,-0.00027392665,0.0091160815,99.38401442307692,-13.973326,6479.309,50.534092,1023.3861,7.6303983,202.90497,33.94304,186.8148,12.097553,182.90437,16.980597,89.43915,6.6214995,86.03748,6.827859,79.41355,2.0939834,37.737236,2.5708964,55.974525,-3.6460373,34.685658,5.800806,37.811375,-2.9067042,29.29302,0.15216205,24.937212,-3.3494422,28.348875,1.1884754,25.931444,-3.1506448,29.227089,5.4326596,37.206852,-1.0518113,28.827892,2.298957,37.270824,metal
metal.00140.wav,661500,0.3997515,0.08004038,0.1442384,0.008631711,2269.401535608106,525041.8739918312,2207.307517502389,302944.91581181274,4620.097062905137,2470758.105556624,0.10012751245646284,0.0025891191393791414,-4.2208812e-06,0.011397321,-0.00035798363,0.0071022394,99.38401442307692,-87.0595,5645.8003,95.68702,1144.9514,-27.308144,1087.0746,31.485456,113.34578,-3.9731154,198.4818,9.779421,93.03115,-6.7476144,75.36869,4.396954,73.716225,-2.4779932,77.87513,-0.2134118,65.4997,-8.805584,30.123129,-4.558651,40.924088,-9.468738,25.140285,-5.4063587,26.171894,-6.831187,31.119576,-3.6744063,55.870453,-5.5872836,46.24563,-3.6654427,40.17481,-8.790992,25.200418,-5.1589355,26.15668,metal
metal.00141.wav,661500,0.55690557,0.06845734,0.32713667,0.0031106442,2967.8774199757836,293580.0683698579,2637.2181761804986,143978.60254377997,6008.9803311846945,1537777.1799873246,0.14059438794020898,0.0018520838560752875,-2.164401e-06,0.05062129,-0.00021586753,0.020748897,112.34714673913044,38.749928,1237.7974,60.76773,416.95016,-17.730217,444.17657,34.665737,235.66216,10.508924,105.33129,20.718477,64.94465,11.318784,68.45642,9.925939,58.653862,2.3573606,36.74199,6.707908,37.756233,-0.51069015,31.20157,8.358877,30.802258,-1.2490038,37.69241,3.7647007,30.390972,-3.9803607,23.938625,2.8661425,28.487782,-4.65457,26.628168,-0.40823427,30.777931,-0.4481419,29.670826,1.8716722,32.312553,metal
metal.00142.wav,661500,0.5818144,0.058514625,0.25698838,0.0074217063,2262.634575852096,152838.72447881452,2333.8894316045426,112845.55325456095,4743.737981932082,911408.1904231777,0.08969560274767802,0.0007272466168343616,7.656472e-06,0.040048875,0.00016097697,0.010553169,123.046875,-1.3079982,1187.8962,94.05322,439.83194,-25.91558,289.3332,27.176561,55.307693,5.1155047,89.63024,15.789253,52.412308,4.4915824,24.362719,14.980207,18.67852,3.879768,25.971302,8.137715,35.76333,2.228443,24.956295,7.375629,19.485537,-0.84909433,17.89256,0.16764335,25.044079,-6.40428,20.405127,2.5238624,25.739437,-4.9937525,21.084763,0.29031083,20.041836,-0.3641398,26.148317,-0.10365225,19.924093,metal
metal.00143.wav,661500,0.42836884,0.080544546,0.17328334,0.003987284,1201.65116212582,444923.2192555809,1680.9160662862744,204203.61826978062,2441.5269030875097,1676962.1455367904,0.04224161909829721,0.0012318081989187229,1.12057e-05,0.020417668,1.3242777e-05,0.0038335253,112.34714673913044,-129.40436,4381.027,153.7259,1002.0362,-9.06252,137.02739,31.285973,86.60781,15.826582,58.78183,5.099455,39.44146,1.6418138,24.768278,8.968353,30.639023,3.429663,25.953478,5.617635,21.29134,-0.2498095,22.88121,4.2730393,21.452904,1.3278716,17.1143,3.138052,16.364868,-0.82328147,18.974161,3.3350735,17.50152,-0.2636331,16.378662,0.20879848,16.62027,-0.84824693,22.00804,1.9296678,28.153425,metal
metal.00144.wav,661500,0.55397826,0.06687951,0.36001185,0.0030439866,2930.810759658336,130771.51008980055,2700.729095764542,33431.60460577684,5987.130463307856,473325.74071069655,0.11995467903444272,0.0011485255702997678,1.3056959e-05,0.06175,0.00013420434,0.023144094,99.38401442307692,39.695366,684.95935,58.09239,129.94164,-5.380282,98.842834,45.49059,50.264145,10.867206,25.229837,16.205555,36.557915,4.3804574,37.70571,11.210233,33.225105,4.6161547,36.78967,6.303238,17.205719,-1.0570545,20.361921,7.1092086,19.98176,1.21494,24.444914,-1.5543475,20.979204,-5.3673286,18.709171,1.7296072,24.027308,-6.4197254,19.477266,-1.4570394,19.447577,-2.570932,17.745644,0.42037684,14.272149,metal
metal.00145.wav,661500,0.55621177,0.06621853,0.34051782,0.0027506135,2916.0903779956825,159948.98513694145,2692.967575251971,37058.13814025698,6007.9470040997485,568854.7651275432,0.12760958361551858,0.0014410387491434647,1.2503759e-05,0.05003027,-4.968166e-05,0.024513144,99.38401442307692,42.30349,972.4846,61.62403,175.72249,-7.935034,134.5965,38.19457,152.76736,9.314096,65.68438,16.983461,55.123695,4.6998205,56.905766,10.925643,50.914375,2.1132789,49.019375,5.4696503,31.573076,-1.5331583,34.59751,6.050644,28.091204,-0.3049375,29.299536,-0.88210523,28.418816,-4.411345,28.69538,1.5374179,31.094028,-6.487393,24.993671,-1.353221,24.191515,-2.7509992,22.555573,0.34253615,18.333805,metal
metal.00146.wav,661500,0.5232291,0.0750882,0.28708026,0.0021521137,2596.071059231272,140622.04577946028,2603.1893754700636,43087.827147196,5546.224796070772,469341.7091009637,0.08509396768575851,0.0007028055816743409,2.6633031e-06,0.04854697,5.872685e-05,0.012923988,117.45383522727273,-12.034848,874.63605,66.41863,177.02403,-2.9499176,129.14725,51.450478,53.416504,5.5914116,23.11551,17.259449,37.138973,8.034505,51.559193,21.349087,50.817287,5.4617696,45.70921,6.728562,30.71164,2.8045657,26.22008,8.998213,35.406345,1.0675251,16.40455,0.7923227,18.975882,-4.3197556,21.26882,2.274352,20.765562,-6.378728,18.99614,4.4439316,19.37657,2.0074334,17.42893,1.4450784,17.567955,metal
metal.00147.wav,661500,0.594737,0.059306554,0.2658363,0.008927717,2151.8184241928043,463020.5269048654,2313.9484671930454,177938.42388382225,4560.697422086639,2239934.2076416826,0.07583438648897059,0.0014660926388165836,-4.4097092e-07,0.049836054,-0.0001084625,0.00848544,135.99917763157896,-37.697865,10187.831,92.00155,786.0983,-10.034432,439.35052,37.110817,66.71425,4.217839,70.15469,18.83549,35.5236,6.0493913,39.887016,16.609055,28.462208,8.620965,24.077631,8.610448,30.452774,3.0748377,28.167019,11.373118,28.773872,2.6935065,23.960081,-0.027554834,20.949942,-2.248071,23.913733,5.066311,23.866678,-2.5839207,18.479715,2.4370465,24.596996,-0.2756823,23.281887,0.16369052,19.079834,metal
metal.00148.wav,661500,0.44153908,0.09727474,0.1532699,0.016378684,1977.9820451713606,324302.92025870265,1766.7987019622767,498822.77875380294,3879.3682086578465,2169380.5453453935,0.11428993626644737,0.0007832525329868005,-6.528128e-07,0.020900568,5.891331e-05,0.006266813,117.45383522727273,-135.40846,24155.16,95.26086,247.23422,-48.60949,668.8147,2.9079409,195.79532,-11.871877,128.91632,-15.738003,824.5995,-8.809369,273.74677,-2.9150088,369.1396,-5.3991623,210.43378,-6.2306356,380.8339,-1.581901,64.95703,3.9573004,104.57019,-8.294909,60.00619,5.706653,34.810394,-2.427486,28.013887,-6.4920607,221.80513,-7.3848805,56.51176,-1.3669266,56.161766,-3.0825083,31.26888,-4.0179615,75.270744,metal
metal.00149.wav,661500,0.51631874,0.075154416,0.28669643,0.009686031,2480.186210891693,284006.5769601312,2391.122056163588,154192.38247320356,5172.902053502322,817648.8871037436,0.09787355783184984,0.001493451229613856,-6.089877e-07,0.051786534,-9.687129e-05,0.012311004,117.45383522727273,-13.404403,6483.78,81.781166,491.5445,-18.719902,648.49384,51.795834,205.2848,-2.4970565,137.67838,22.024254,63.87604,4.80446,32.06695,6.622357,43.649376,8.872961,26.773365,1.8426194,72.89947,-2.3789752,21.849632,-1.8170408,57.35909,-5.515772,23.563168,-1.2644005,46.57339,-7.082734,44.858532,2.0698185,26.33809,-6.5264044,37.55976,-2.11201,33.87843,-3.1148558,33.8995,-3.0320342,26.451468,metal
metal.00150.wav,661500,0.51738423,0.07524931,0.28652558,0.009625274,2478.959426253588,280430.5974889144,2390.9115332911433,153612.71985141688,5170.885399030089,809533.2910851713,0.09800621009094428,0.0015086301559422866,-9.623043e-07,0.05167625,-0.00011222642,0.012316268,117.45383522727273,-13.333782,6468.1016,81.84394,488.9389,-18.689653,648.03424,51.755188,205.0818,-2.5434802,136.55688,21.966085,63.851967,4.810901,32.12744,6.6451874,43.92796,8.904815,26.570808,1.8289636,72.38444,-2.4099588,21.942871,-1.8394272,56.965187,-5.514717,23.840525,-1.2369556,46.64738,-7.0632234,45.19957,2.0988095,26.215153,-6.5254154,37.635403,-2.1222258,33.744015,-3.1416137,33.63429,-3.0355744,26.239868,metal
metal.00151.wav,661500,0.4753828,0.09062981,0.21504344,0.021957709,2477.1367865884486,573441.3212678689,2584.3535389388335,119087.52709256246,5432.5588167267315,2000424.9608764024,0.08413403395897832,0.004321539111437627,-1.9707977e-05,0.03865287,0.00034781804,0.01250733,129.19921875,-85.65787,5750.118,67.840256,724.95056,-0.54944813,278.13672,40.382435,205.557,7.2181587,95.02032,22.111332,80.86038,6.7277637,59.419083,14.189841,62.813564,-1.8417051,27.798979,9.662212,57.456894,-3.9226778,35.704044,6.687451,81.40552,-6.80541,39.11908,2.1198297,49.5895,-7.264079,35.49382,0.0063557816,46.731575,-4.9548,39.01557,-1.375401,34.182983,-4.991937,28.030993,-1.6369635,33.505646,metal
metal.00152.wav,661500,0.6234719,0.051018678,0.1229172,0.004069694,3105.8685940271375,892806.8415131727,2871.073545756075,159096.28460682055,6573.026920472136,2735196.6872907695,0.13170290731424147,0.006528773931355521,-4.371695e-06,0.005007529,0.00011328515,0.009093283,112.34714673913044,-88.2685,8561.035,65.37286,1045.5387,3.6753213,480.40402,18.577457,186.79617,4.1501083,90.134445,10.641145,81.35531,1.5663835,64.63459,8.507243,95.126854,-0.3761637,51.768673,5.8175364,43.350655,1.3563322,36.520355,4.5178013,40.76889,1.1945205,23.13663,7.739246,37.194496,2.6014242,38.166824,5.883693,41.84473,1.2518035,34.310535,5.141718,34.16299,-1.012671,23.434254,3.721814,20.255274,metal
metal.00153.wav,661500,0.48748964,0.078173086,0.114807025,0.005667314,823.0906300393849,457630.10399426485,1289.9158636634452,387017.20729500666,1637.7650966585236,2583024.328946643,0.02801116848877709,0.0014537071115400737,-1.746101e-05,0.0102409795,-2.0423564e-05,0.0026118048,172.265625,-241.6637,10151.809,155.71225,1331.1191,23.928608,997.7857,32.27826,317.5138,19.999294,97.04943,10.2245455,184.94916,9.11853,78.408195,11.1129875,53.8038,4.044656,83.11391,4.310632,52.216713,4.9082365,79.542175,5.75787,39.06524,2.908969,38.70445,1.0513089,47.749657,-2.840955,30.265387,-0.7210617,36.49079,-3.7456977,29.453796,-1.7309709,26.635044,-2.4085765,21.78691,-1.3190168,25.71191,metal
metal.00154.wav,661500,0.56037056,0.066304274,0.33215097,0.0027692197,2668.5636556557365,131498.4322886294,2657.2043214243145,24590.549463929863,5754.0485393890285,359671.00272415526,0.1031751130756579,0.0008856302944596395,2.2800354e-05,0.06799784,-0.00027390354,0.016666127,129.19921875,26.81068,985.4607,71.33779,178.42148,-4.286352,77.39338,37.710278,133.1854,9.1922865,77.356026,16.315933,55.376705,-0.7933831,38.335945,13.728193,41.686043,3.1254141,31.278208,3.670878,25.733498,-0.08398126,29.373676,9.793096,30.051798,1.669885,29.035875,-0.61662805,22.19858,-5.736864,22.840588,6.15632,22.204481,-5.1238017,20.742052,0.48125768,24.317799,0.025596453,22.332924,1.3785006,20.061935,metal
metal.00155.wav,661500,0.5554557,0.06581117,0.24678347,0.0026342957,2666.7926925753954,225669.95145891557,2614.4892266953857,73510.97164776252,5657.1907917412445,813452.3986189693,0.10197519591718267,0.0013995596942236693,-1.0329865e-05,0.037181452,-3.449784e-06,0.009954064,107.666015625,-13.092226,978.0832,70.25154,282.7142,-1.5187266,187.30714,46.294594,99.83745,1.0270191,34.60072,11.720262,34.732967,3.7275927,42.246456,18.732082,50.681683,3.9067926,42.878307,5.2917957,25.483898,2.7816954,28.290121,9.35548,39.15766,1.2936469,22.746819,-0.6482868,24.474375,-6.506263,19.888464,-0.23208222,17.81214,-6.7926564,18.46119,3.8973393,16.742159,2.4141095,18.744267,1.4969338,19.323626,metal
metal.00156.wav,661500,0.4658705,0.08121966,0.18996412,0.009035073,2385.377592996297,364057.15987064823,2304.0781601399503,227135.125902207,4841.804055606618,1725095.6004360858,0.11035042872000773,0.002446677845888842,8.891647e-06,0.022244828,0.00019657821,0.009358326,135.99917763157896,-51.564537,6820.4243,88.34603,712.51373,-20.88918,737.6717,41.003765,165.2321,-0.6016449,131.14084,1.9864514,68.697,2.325169,58.94457,6.365675,54.08058,2.2504683,47.828156,7.8552933,37.57771,-2.4697356,30.995996,5.526982,38.417873,-5.211907,32.169987,-6.591774,48.019894,-9.48578,32.65634,-6.2020636,40.088078,-5.827778,28.591906,2.877595,36.64292,-2.3537297,25.82668,-0.9314966,33.577675,metal
metal.00157.wav,661500,0.4539319,0.088475086,0.30595905,0.0060467958,1967.216952165385,143889.77637035804,2351.529027047178,72870.00338859357,4610.430454691128,719184.7847802555,0.0412881101248065,0.0002679268727518142,7.2314197e-06,0.07444719,0.00062418653,0.0073210825,129.19921875,-48.093937,467.0249,93.09957,181.48076,-10.711635,130.27817,43.558357,62.831017,5.3326745,24.859016,27.975407,22.659828,5.163152,18.074162,17.787985,17.594248,4.777844,17.248505,15.827823,19.05538,3.4389029,18.140398,9.4936,13.883477,2.3805838,16.134111,5.983658,12.7558565,0.8160426,16.118298,3.2714922,11.750545,-0.8214586,15.405189,4.1937933,13.746598,0.61430526,12.331326,0.06668267,12.098672,metal
metal.00158.wav,661500,0.517073,0.07556792,0.24760716,0.004471128,3247.7598542838036,542796.1392274275,2871.318585744889,74058.10853726866,6676.2929627031735,1272011.449928396,0.1593724300986842,0.006301272521485951,-5.776192e-06,0.024994023,-0.00062109815,0.014282275,117.45383522727273,7.1594033,1193.3698,53.668755,463.69998,4.6604266,193.64742,35.502792,88.62152,13.043977,65.37082,17.87841,38.830757,0.08125773,31.79908,11.433107,41.45692,1.6216954,35.84481,4.751678,34.82329,-6.6812015,23.597963,4.834529,27.639914,-3.0570328,27.09915,-1.0477426,29.902695,-2.3277833,23.373262,2.799561,25.656256,-5.1674595,22.317913,-0.9161808,27.869013,-6.243286,24.237192,0.23352434,22.94665,metal
metal.00159.wav,661500,0.4107722,0.09241425,0.34130034,0.008503285,2012.6225429128506,650454.5463820454,2386.953205641423,310825.39621267,4662.31347429494,3297395.113960159,0.04763501052147833,0.002333868191225056,-1.7826962e-05,0.10033377,-9.2311326e-05,0.010264524,112.34714673913044,-57.267788,5943.4077,96.78022,1331.7056,-3.0574963,419.3452,34.531273,127.30032,17.451447,92.92283,18.037321,95.302475,6.0956216,68.64796,21.652245,62.83612,3.6383574,35.307278,9.188644,31.765667,2.7078452,34.051556,4.8102365,26.912745,-0.41321763,30.951517,0.71346104,23.361612,-2.56187,28.149782,1.603027,18.344557,2.3439946,21.88799,0.4292249,22.092747,4.6782126,29.719395,0.44214407,21.376474,metal
metal.00160.wav,661500,0.51221746,0.07121274,0.3298254,0.0028959636,2737.472186089321,186656.9090817687,2562.764146969361,224756.93587768945,5721.373736969089,1017407.5598113766,0.11347172503869969,0.0008299633801885535,1.4067649e-05,0.053217918,0.0003820004,0.018665161,117.45383522727273,36.884445,801.97516,80.656265,733.7417,-13.294004,1220.1455,42.160202,171.90518,-6.463366,348.24963,11.89947,21.500772,1.2205045,56.507637,6.0128818,32.239067,3.8250926,22.134031,1.2022794,59.46873,-2.2755878,20.694382,4.5856853,38.5728,-4.9130235,39.488785,-6.3665147,35.956673,-9.073193,40.900234,-1.0114188,36.986904,-8.024284,31.253317,-0.9569657,25.083923,-2.00271,19.538105,-2.182987,23.180391,metal
metal.00161.wav,661500,0.6467429,0.047272988,0.28878993,0.0032881673,2698.5138129171614,284321.71759436844,2616.1257221507544,91031.95955534649,5767.490124776267,1207008.3668241622,0.11518637831366099,0.002253551696523031,1.9744904e-05,0.049249165,-4.5958117e-05,0.01259399,123.046875,26.547438,1228.6368,76.77923,388.92752,-13.5684595,237.18646,23.599155,59.013447,2.4003525,48.188774,13.565218,50.812645,0.8527196,46.986374,14.275709,57.462753,5.2423034,58.56808,12.511074,47.252335,0.76516354,31.520088,11.343174,38.81914,3.965602,36.04894,3.0812447,30.655355,-5.862965,24.268353,1.4252687,23.080133,-2.6434016,19.81115,2.6747499,20.506113,-0.13282336,17.468992,4.1412477,15.394586,metal
metal.00162.wav,661500,0.4845832,0.07569051,0.31870586,0.0015824399,2476.075821731311,239669.75841671275,2412.596936133807,79540.019389015,5106.252456523316,809744.149646209,0.08627007546439629,0.0010920324966256182,8.218373e-06,0.072401404,-0.0002475538,0.010765833,95.703125,-2.7312446,1634.3413,72.92787,346.0882,-11.435675,224.97653,56.5882,64.24514,1.6981004,38.505013,16.153765,52.40745,5.251176,46.134712,16.73991,27.388966,3.6788945,29.7573,6.080124,28.431114,2.8062458,23.260645,9.744672,27.018461,2.2133777,19.744122,0.87821406,18.271975,-5.800444,21.623697,-0.204485,21.30281,-7.689116,18.80506,3.8341072,20.879587,1.5527886,27.132473,1.6446191,21.258085,metal
metal.00163.wav,661500,0.51163685,0.082096584,0.23239422,0.008327003,2690.6248586148745,802821.2780996833,2545.291369699535,376436.5582211994,5781.173375368857,2615274.2767011975,0.12410393587945047,0.007872969721248445,-3.9337688e-06,0.029179156,-0.0004227907,0.011856697,92.28515625,-42.385166,5626.302,75.00602,1660.1505,-9.907396,1241.7429,43.318108,202.56673,11.132234,121.01832,20.913355,74.66352,7.1628976,58.56597,9.64411,104.85347,2.9243333,40.66151,0.40151325,126.40238,-4.7165713,26.04545,3.4389424,63.65561,-4.259457,23.941854,-1.8426578,45.384735,-7.028443,34.049625,-0.9077715,40.22843,-6.209967,30.150814,0.95345104,31.425482,-3.4067497,22.972004,-0.32727486,29.491644,metal
metal.00164.wav,661500,0.5193192,0.0694322,0.2887215,0.0068389107,2199.240806539423,366364.0088236113,2051.1715993005723,796761.9340527132,4466.706323771285,3063222.378003605,0.09579307154605263,0.0005662873355771618,-1.0953313e-06,0.050516102,-0.000114677816,0.013565628,117.45383522727273,-29.450039,7887.2144,102.39679,1802.7335,-48.642048,3391.3623,1.8561339,2602.2288,5.624471,252.67043,7.45587,423.35092,1.2526753,53.236443,7.167176,120.85458,1.4133614,51.89111,5.7235384,62.17771,-1.6266122,55.312523,5.1394906,36.022015,-1.0106772,24.994778,-5.577103,81.75783,-4.593976,33.35269,3.7080195,32.978313,-3.9247668,33.32771,1.5575399,24.185612,2.449047,16.16858,0.8231669,29.299364,metal
metal.00165.wav,661500,0.47282872,0.08386953,0.36019427,0.006078202,2981.8928379044864,416125.3220239083,2909.775314831123,78174.17920216781,6539.71878854852,1086682.6781256287,0.09415740494388544,0.0018841401995851469,-1.554377e-05,0.08433128,-7.001755e-05,0.02075139,92.28515625,5.6461263,2537.246,55.584637,324.31128,5.982171,279.2743,32.838306,141.69878,13.233086,78.57238,24.485655,93.62277,10.1606655,64.78934,11.69639,35.689896,4.861097,48.50289,14.166389,77.04789,3.122141,44.88245,6.460339,36.518696,0.4754545,30.545218,4.2488575,33.76902,-2.823088,30.821346,1.3831005,27.936176,-3.876644,27.185057,0.36831108,31.293613,-2.6932304,38.144516,3.8643677,32.549644,metal
metal.00166.wav,661500,0.623469,0.04812644,0.28909475,0.001789635,2425.318778049155,254457.61851187568,2489.6833209155116,155410.68058061716,5232.535026243228,1786963.5061091897,0.08912304385158669,0.0007513071834103519,-2.1086289e-05,0.05292611,9.7899065e-05,0.0096285455,129.19921875,9.687688,1741.5594,85.65102,440.76355,-22.371658,332.8944,23.323805,92.526794,9.036822,46.69271,16.235312,30.779665,5.3315635,38.534134,16.937859,38.28581,9.569638,38.49744,15.847935,28.948475,2.7968206,20.95608,13.596646,28.834429,7.3242445,23.643812,4.0636725,16.524666,-5.7338037,16.003193,1.1681694,12.775863,-4.684041,16.399261,0.008141036,15.733235,-1.3307127,15.028737,1.9023958,15.905787,metal
metal.00167.wav,661500,0.5472663,0.07052638,0.27910247,0.0111718895,2787.360369667692,559259.7088956867,2706.1980578480316,80835.57122945639,6047.821762982537,1339580.911856563,0.11664479731037151,0.006579310523183795,4.790989e-05,0.04494785,0.0009774768,0.016085677,89.10290948275862,-11.944604,2444.0076,67.71124,713.998,-0.9418267,143.08258,31.445856,109.46803,2.016322,53.193306,23.586594,38.506645,7.925453,38.64201,16.491644,47.62841,3.1426842,32.516594,9.613658,32.88433,-0.061360385,20.173342,6.4877,24.362804,-0.666227,18.781553,6.3090434,28.076328,-3.1559224,36.246567,6.1192684,24.16212,-4.9771028,18.117514,-0.9949477,21.285896,0.49675924,23.439247,1.9778107,18.164713,metal
metal.00168.wav,661500,0.5038302,0.077363245,0.29512095,0.0093312515,2784.5116777302665,474948.9515913146,2727.1363114714304,79109.6128167803,6091.821496922165,1216701.0746028523,0.11875513980263158,0.005201054198240367,4.1629282e-05,0.046052366,0.0010056342,0.018963994,89.10290948275862,5.456179,2054.8416,71.63389,587.36884,-0.9055127,161.40416,24.748474,195.73953,-0.018479953,129.2432,21.04008,71.20786,5.891217,51.953827,14.948971,74.27608,3.0254116,59.48393,8.84542,51.004246,0.08177722,37.123955,5.5495706,40.101097,-1.9906316,36.440422,4.955456,31.459614,-3.0359647,31.779665,6.2946095,30.579437,-3.7450552,33.560184,0.053537846,34.676807,0.33871216,28.75711,1.4796959,22.551899,metal
metal.00169.wav,661500,0.57414895,0.06523842,0.114955515,0.004122744,1253.2540856724354,561116.1174060772,1716.8948573392672,411957.15324712364,2712.7752628857875,3278935.502206328,0.04155643805630805,0.0012753131673184036,3.3736644e-06,0.008337666,6.737916e-06,0.0028399753,117.45383522727273,-188.70143,12287.169,139.07156,1284.6342,-3.6062567,421.41492,34.133358,170.14288,18.44079,98.7201,14.483781,40.667492,7.979363,41.022633,13.320497,20.678127,9.666701,31.492254,4.8653283,21.167528,2.989485,18.090088,4.5943174,19.590197,4.2375507,23.31669,3.921758,23.440435,3.275965,31.62313,6.5752406,17.173992,-0.24426109,21.959732,2.9129794,11.992338,0.12741347,14.410665,-0.54104567,24.859058,metal
metal.00170.wav,661500,0.529573,0.068517126,0.15646704,0.006547379,1751.4221093908995,981747.5024449356,2037.7357599046052,382016.35520492174,3521.4703728170957,4224240.532133609,0.06709974542859908,0.002952167638813322,-9.310914e-06,0.015826682,-7.676686e-05,0.005367622,92.28515625,-121.14402,10492.651,121.92828,2997.2383,-2.809357,203.7818,28.354307,254.06013,15.16558,86.13172,14.82063,31.227287,4.0981545,34.023983,11.056139,32.03745,3.21977,38.207146,5.2654715,22.386559,1.7415378,17.864843,4.2959795,18.086136,-0.23298319,25.81619,1.5762565,20.414787,0.6356649,21.86011,0.91281533,17.97441,-2.3170943,19.65359,1.8183575,17.420633,-2.1618302,16.183783,-0.9413247,26.898195,metal
metal.00171.wav,661500,0.58123547,0.061892483,0.22854388,0.012450915,2553.0763206891256,226183.2376676914,2217.509806340102,284157.9631182651,4985.853184561242,1269964.3527410594,0.1209716796875,0.0015001349128067679,-3.2995135e-06,0.03742207,3.0705544e-06,0.0090453895,107.666015625,-34.34028,8582.711,74.625305,522.2813,-47.95134,2468.3074,28.707651,387.84683,-10.869945,811.11597,9.338701,358.47186,0.69036466,160.97105,11.2202,147.99802,9.209378,73.74264,7.456369,63.464596,2.908321,35.145153,6.837716,58.230698,2.8485312,47.97707,-1.9637713,25.930546,-4.903071,32.687813,2.6862009,26.455957,-4.249961,17.33312,1.8407928,19.652473,-2.1432142,18.497623,0.8301448,16.310944,metal
metal.00172.wav,661500,0.4433555,0.08019291,0.123892084,0.006337061,2409.8244521291986,170554.04816474536,2100.372520717145,135262.37868763026,4647.463564090315,606335.9589916475,0.11218639645414087,0.0023392389382741437,-3.2220208e-07,0.015419866,-3.7756888e-06,0.0025316975,161.4990234375,-121.03553,6485.5933,80.16901,446.9723,-39.756603,924.1611,54.73233,89.99025,-16.603636,226.14981,6.001998,130.79375,0.74443275,168.9994,10.026585,153.81242,0.16089018,67.36391,-8.661913,213.28682,-1.3479592,57.592983,-1.6840643,181.03322,-1.5045075,70.898315,-8.567602,98.66429,-12.904651,84.037704,-4.531711,75.835945,-14.608338,76.45385,1.1532469,46.928703,-1.2387538,42.05199,-2.4435856,36.106773,metal
metal.00173.wav,661500,0.5679929,0.06775955,0.24040052,0.008852709,2773.4653800569818,727200.8894243834,2689.372460761907,155134.96623431935,5853.54793772978,2204900.0647390797,0.10786631675696594,0.006821385032462505,2.4471774e-06,0.044177234,8.7493434e-05,0.009924261,161.4990234375,-37.251625,3435.9119,68.17287,965.8003,-2.7259235,336.20032,34.243244,111.21708,6.417027,59.099495,14.625683,55.75188,3.0657773,69.26139,5.7867184,79.67909,4.62127,98.67495,6.9862814,56.837475,5.8199534,46.917984,8.828208,51.003845,-1.1213324,33.614807,1.0119617,38.73547,-1.5053939,35.471725,5.0306673,35.8679,-0.7263531,26.895813,1.3916517,13.7352,-0.7614952,25.645329,3.2455904,16.04624,metal
metal.00174.wav,661500,0.47268277,0.085206665,0.23900448,0.013031463,2672.4601025032275,674436.2643897762,2358.5726157231925,769857.7751335088,5414.908923453222,3929221.790575888,0.12726982754450464,0.004686738032580946,-8.399231e-06,0.043681357,-0.0005222294,0.009528625,129.19921875,-65.028564,11742.587,70.03708,1151.2385,-29.856508,4091.6516,20.156239,560.1518,9.730879,72.78193,0.39374214,772.8986,2.0676818,149.13103,10.86904,72.4375,0.8024997,169.15523,-1.1255126,151.07979,-1.6589656,52.83504,4.346438,106.20869,-3.0551362,62.00133,-2.590043,36.822426,-8.077562,55.858944,1.9609039,60.39314,0.75612545,41.30063,5.671542,35.11296,2.6743915,24.6687,0.689976,19.026762,metal
metal.00175.wav,661500,0.57446986,0.064479925,0.23244843,0.0069056633,3488.750066108297,954352.5210930879,3001.8398543745193,102717.5350749055,7207.548083609472,1577504.8172390307,0.18163382232004643,0.01659592271021387,-2.6668367e-05,0.03188911,2.9093695e-05,0.013142071,135.99917763157896,-27.4745,3807.9536,42.992405,937.0101,9.159392,288.94034,30.566439,152.95274,17.267342,89.49401,19.15845,51.00929,4.499766,67.20144,13.112044,56.54056,3.3103855,55.93143,4.48419,56.443207,-2.156895,27.773142,5.3047028,45.201313,-2.3519266,38.7394,-1.1638639,23.318129,-3.4769056,31.101929,0.26905,28.000776,-2.517705,32.604877,3.7908437,40.721474,-0.8754939,48.329796,2.1771226,30.81217,metal
metal.00176.wav,661500,0.4365668,0.0852637,0.21078295,0.011946264,2825.4942880904046,321487.48660165386,2634.3362185619285,85039.25958114883,5886.406072374468,1047624.1604900818,0.12884275832043343,0.003009252532495205,-6.084821e-07,0.028844496,-0.00029217987,0.010293953,112.34714673913044,-56.145016,9793.502,58.170956,500.84995,-7.600707,281.4463,37.33821,206.46713,7.1693377,127.87074,17.39609,109.54557,3.1008952,96.679306,10.06572,84.409515,0.9838276,66.1403,5.272203,100.4759,-4.0112243,34.87425,4.914605,68.574394,-4.572483,44.24695,-1.2554935,36.670624,-4.6994658,39.363968,-0.8591456,45.283264,-5.564234,43.979465,4.521523,47.77786,-1.2740102,43.05473,-2.4400132,46.756874,metal
metal.00177.wav,661500,0.45315027,0.07236514,0.24420516,0.004845607,1809.7158353570903,521793.8139855251,2158.275333223516,393966.024733345,4130.691688939145,2918615.92211758,0.0576768999129257,0.0009599674371777259,2.7644114e-06,0.04385118,-0.00036530523,0.0067739785,135.99917763157896,-62.668064,3340.5696,115.96009,1600.1971,-9.309773,412.93982,37.06852,134.74657,8.826848,47.78073,14.420612,69.70424,0.55336416,41.994007,7.3582463,58.185177,5.8087006,25.338366,9.568894,32.287067,2.8931882,25.192144,7.0694213,22.12757,-0.186626,27.329494,-0.7430455,28.493319,-2.2370858,26.842617,0.14308687,30.641523,-6.3939266,26.987831,0.9087762,23.614962,-0.23214354,26.125448,1.9655094,28.610838,metal
metal.00178.wav,661500,0.49610388,0.07152353,0.22804643,0.00081211235,2657.507697234166,254528.2997523174,2599.172725349125,88636.8008826646,5580.482922249903,686535.5919235209,0.10518946219523993,0.0009820037408007104,4.188462e-06,0.03365635,-9.7145676e-05,0.0067519466,161.4990234375,-21.934267,1839.6122,70.640526,287.9899,4.3753963,106.681526,53.745235,266.39355,-1.5385029,22.662924,14.172549,32.473053,-1.1785527,36.280197,9.407408,31.816309,6.7041197,36.678314,1.091031,28.822855,-0.07251156,21.902431,9.586601,30.037,-1.2499378,15.136253,-1.3962085,19.274498,-5.9201865,22.493446,0.6039303,19.660734,-5.9528775,23.468258,1.2156423,17.102116,-2.2941763,22.671797,1.025415,23.158295,metal
metal.00179.wav,661500,0.5254033,0.07390635,0.21453114,0.013911638,2112.7742180530977,304986.2567041805,1826.4497280278915,654269.5265760473,4085.483628972765,2154609.5784264104,0.10818301930147059,0.0026010493614746994,-9.821952e-07,0.04158622,-0.00038781762,0.005588208,135.99917763157896,-82.371216,8411.988,110.37035,2099.679,-60.222324,3316.8174,22.242353,821.41534,9.850636,80.28642,-12.684779,1417.2885,-5.219737,282.20493,7.431093,171.8608,-5.8713727,291.15622,-5.507826,313.07916,-4.101736,55.184635,0.88692546,169.79587,-6.256907,83.74864,-5.447169,42.573162,-11.669912,66.06088,-1.1306055,89.271545,-0.94490397,26.767464,3.5804164,40.73239,2.2667212,22.569548,3.0788288,19.11013,metal
metal.00180.wav,661500,0.46710718,0.08600652,0.2037114,0.010228414,2758.667298038915,494438.5821260526,2620.747667037726,156527.35836009614,5775.9900733782415,1602731.564374953,0.11006055896865326,0.004544814138418235,-2.3342818e-07,0.031514693,2.5475587e-05,0.0094369305,99.38401442307692,-64.88351,8717.672,62.810123,698.8042,-15.712608,439.38013,27.618845,194.60988,12.459625,114.53834,16.968048,121.42681,6.651884,124.55899,14.939078,120.633385,5.21747,87.242805,3.1723418,74.390465,-0.288563,42.21093,5.0896263,50.377884,-2.339916,36.32648,-5.9858108,37.17011,-8.477648,43.87553,-1.3078511,64.88414,-3.9704325,34.33103,3.7394302,43.579624,0.7705933,33.704426,4.4104943,49.582783,metal
metal.00181.wav,661500,0.45321852,0.09455768,0.21611415,0.021186098,1473.9900711076195,787482.021828029,1626.75981615219,483794.52094980754,3050.531553853038,3358969.0665910393,0.05619315982972136,0.0028098203398008136,2.653271e-07,0.060047,-0.0001590008,0.0032419842,161.4990234375,-161.79294,6830.413,138.10626,2253.5703,-34.350838,1186.8235,17.362097,271.7144,24.884974,169.10153,2.4800794,288.9991,3.8239334,125.62257,23.103401,143.49619,6.6220446,67.49269,3.3703303,71.375496,5.9037185,42.180256,7.231923,35.82368,0.79052633,36.184597,-0.31981766,40.05108,-2.979626,56.00404,1.14909,49.359097,3.5458584,51.025734,4.801541,26.396118,6.937322,40.83442,8.546213,66.97858,metal
metal.00182.wav,661500,0.5560732,0.06972898,0.31087363,0.003538762,2537.4150169095215,125092.31734433313,2652.440879561321,50649.86782006722,5577.4329406927245,676577.4737435305,0.08406638508610681,0.0007599670734578191,-4.1256512e-06,0.059559457,-5.8314352e-05,0.012546672,92.28515625,10.408966,1371.824,75.74418,143.72385,-9.3639345,125.59538,29.923393,67.067,12.144154,45.15957,18.621075,21.950785,7.375761,43.373158,17.170496,27.29457,8.53479,27.112692,10.076212,21.660248,4.814514,15.431786,9.688792,24.2797,2.547561,15.066107,-1.3125098,15.454579,-4.333162,16.086185,4.0422244,17.19736,-5.334336,18.177046,-0.38173783,15.360519,0.16340137,17.867968,0.96656823,18.319975,metal
metal.00183.wav,661500,0.53311396,0.07536303,0.31684276,0.0032416394,2546.9961772289985,137907.8512865823,2663.065393340733,52231.939145238306,5620.991010636368,773963.7256300638,0.089420850062887,0.0008388513815918424,-5.905826e-06,0.059096962,-4.3706223e-05,0.01449253,92.28515625,15.691541,1349.5709,77.09288,147.30505,-8.832729,136.92183,26.064375,99.14796,11.149206,59.90659,17.149769,28.090082,6.33864,51.3991,17.004957,34.814278,8.249522,34.16936,10.85619,32.726555,4.3325934,23.291042,9.03741,27.922205,1.3864558,21.478186,-1.5601313,23.970839,-4.25874,21.339272,3.9841762,22.795269,-5.36413,29.615545,-0.15387508,30.725729,-0.19598618,27.500244,0.9848675,27.122046,metal
metal.00184.wav,661500,0.45860317,0.08132438,0.19471501,0.00623844,2466.884160024034,323750.1239883754,2329.9888540546917,177255.69191746635,4874.745523080737,1444705.1771752855,0.11913306646671827,0.003994433446270482,4.111311e-06,0.025966002,-7.9315454e-05,0.006387138,117.45383522727273,-34.243584,1917.4437,82.80401,518.6508,-33.12936,611.8687,30.868582,207.1398,1.4106517,157.97905,4.9049835,68.85426,12.254748,60.889874,4.2370462,56.090595,1.950228,43.054157,-3.0038977,82.58527,3.916987,24.719162,-2.1725419,51.074562,-0.6016175,20.558094,-2.3237474,18.118095,-7.296768,22.283796,4.572302,25.54068,-8.311646,20.138319,-1.4957136,37.00293,-4.8041396,26.680023,-2.6492527,24.916435,metal
metal.00185.wav,661500,0.5881906,0.062869325,0.27879617,0.005716566,2792.360462023351,221588.48387675485,2649.259967059966,114145.02550195587,5901.005984090799,1190032.076020288,0.13074902041408668,0.0023222534291500556,-3.214514e-06,0.043720104,-0.00019075543,0.013808711,112.34714673913044,22.800373,4026.4536,74.0244,319.91995,-17.844126,462.208,18.526125,194.8359,2.3633454,131.65334,11.393325,74.789795,5.9638467,80.51963,9.822773,103.30307,6.5789585,39.208195,8.097783,40.57941,-1.4580823,37.841312,11.449226,37.67642,-4.535146,51.942856,2.5936978,84.79392,-2.5503402,37.67812,7.6887565,33.806408,-3.79422,24.48584,2.6529717,30.357489,-1.5137594,27.651056,1.6627349,25.746275,metal
metal.00186.wav,661500,0.54884803,0.075700566,0.22082357,0.023185104,2873.214489312818,1444213.9452922773,2688.4610470715647,177880.93737295657,6020.955258773945,2897746.307218089,0.134848390939435,0.018104129878080105,-4.5478205e-06,0.05339214,-0.00042067884,0.009291162,135.99917763157896,-111.44513,14868.01,61.363354,1768.2736,3.1153493,375.1691,30.236183,279.00064,7.9098487,143.74744,24.783052,128.79393,7.0033507,162.62888,9.614539,116.11099,5.8722243,118.815834,8.213294,77.842926,-3.5896242,51.75133,3.6430078,75.79809,-4.7553654,54.90955,-2.1908638,41.988544,-2.4015322,49.68375,0.17948824,39.877285,0.76824814,48.728672,4.1723,42.061028,-0.86498666,37.56956,2.9644556,49.121372,metal
metal.00187.wav,661500,0.5265034,0.06517345,0.34453064,0.00063201593,3028.4816277173595,104347.11954008689,2726.444645754221,29332.666338447085,6094.1881492780085,293087.0190167367,0.1236825476489938,0.0011576857499555528,4.2783313e-06,0.0786873,-0.00089142885,0.012867744,117.45383522727273,33.332127,608.64215,55.368202,116.09489,5.9698195,132.8704,47.597046,35.893322,-3.001202,46.21711,16.321417,25.425343,0.5402745,31.608068,13.611824,25.432343,8.937614,40.563927,5.908063,20.195772,2.118753,19.400887,10.588465,22.165888,0.2164584,15.985312,1.1043125,20.566322,-2.5668283,19.092627,3.4968693,17.345387,-3.3319526,12.855862,2.7455504,15.608156,-2.2163112,18.699966,2.246548,15.652392,metal
metal.00188.wav,661500,0.3901116,0.0871234,0.23299278,0.010866704,2634.940012669799,520908.0854922176,2642.3491969808983,144201.18960867083,5690.965587509675,2228711.9470415977,0.10641432251354489,0.003048846742993471,1.5206662e-06,0.036890484,0.0001789739,0.010523913,143.5546875,-27.903154,4449.8945,81.120834,753.40216,-8.933061,269.2562,14.584325,340.34103,1.6323568,159.12434,4.33764,287.99918,-0.040577985,142.02074,7.5825114,78.41815,-6.581778,134.55832,6.439079,120.21532,-0.27155015,137.28554,-0.4573197,58.377296,-3.3986363,90.668045,0.8034989,76.23526,-9.104926,46.850418,-1.2109573,40.483925,-6.029352,29.122328,-2.243815,43.49482,-5.1833363,36.715733,0.24187534,40.1419,metal
metal.00189.wav,661500,0.51028657,0.069202654,0.2765311,0.016801197,2335.7384313751704,769400.5454634998,2479.861004989351,185087.89837537013,5048.2111408245455,2325247.9308777377,0.09222582176373839,0.0021845629934605106,1.1675381e-05,0.040911127,0.00053986075,0.017855978,123.046875,-34.437492,14891.99,92.75722,860.787,-5.8919377,291.41046,30.466824,96.805244,3.944524,54.12035,12.416348,53.615723,0.048206437,42.162586,9.429581,26.813684,1.3696674,27.183495,5.5790873,26.655481,2.25704,25.87993,7.426333,31.539824,1.3498484,23.935068,5.3844543,22.493134,-2.1703365,14.518661,1.9363781,18.875397,-2.7536633,18.5311,1.9381927,22.385405,-0.26068407,29.542515,3.8728542,24.472557,metal
metal.00190.wav,661500,0.4384114,0.0906729,0.27398255,0.004840286,2167.9892822873912,408852.79226314253,2386.342884260814,130533.45018291705,4890.837092443885,1233570.4076030268,0.06037151702786378,0.003912729257811906,5.000836e-06,0.06380532,0.000121754056,0.0048645325,135.99917763157896,-59.528282,3390.336,84.02068,586.0255,-13.3391285,238.79976,50.26462,186.16583,7.345893,46.016453,27.18213,35.13568,6.8028793,17.293118,14.091691,18.893179,7.926564,21.186533,15.181579,20.243599,4.6521835,21.976805,7.3655357,19.810936,2.86548,19.270895,6.7972713,17.30782,-2.904187,17.272364,1.6333299,15.66682,-3.8268437,14.2208395,2.9674685,16.42971,-1.2455893,19.659595,-1.0150553,15.209958,metal
metal.00191.wav,661500,0.59531033,0.06453174,0.22352797,0.01250619,2264.3692171829443,363798.8023374672,2147.935171198078,355213.1469337995,4548.014165447224,2730284.4074626067,0.10119213186919504,0.0010607542741311131,-7.847763e-06,0.040016264,8.530596e-05,0.007163359,129.19921875,-42.535362,10131.853,98.20445,1191.0267,-35.167522,1412.5754,19.375408,481.24304,-4.5733275,502.38275,10.841081,261.74423,0.092822,121.13734,7.667513,246.38826,2.8180287,58.78015,3.136495,188.52452,-5.067373,67.12968,5.1226826,130.2202,-0.74287456,97.16739,-4.6047773,90.03163,-8.007787,105.776245,1.6109341,78.70569,-4.012194,76.79685,1.663083,100.476906,2.6806111,35.240562,1.428579,64.75158,metal
metal.00192.wav,661500,0.4979068,0.076381356,0.23040077,0.0116011305,2736.0684438418084,394903.55858123116,2467.759637932373,493116.4895610098,5646.032525880418,2329868.8636738276,0.12346032677051083,0.001495507416036245,-2.4058832e-07,0.03993674,-1.4593241e-05,0.006378514,112.34714673913044,-46.494617,12185.652,66.30584,880.0764,-22.300936,1542.2397,28.088036,620.0271,11.495666,59.029465,9.55869,677.5752,3.3502986,202.17828,8.723969,115.140854,-1.0243918,229.95995,2.3321612,279.2351,-2.6190848,37.080956,5.7047153,112.84675,-3.8430905,44.304825,1.1717436,21.00232,-3.450362,48.70005,-0.62440115,69.49001,-5.2841587,26.749792,4.2576933,54.54954,-1.843285,26.808914,1.8716737,30.509085,metal
metal.00193.wav,661500,0.52091664,0.072479405,0.20309377,0.0023230186,2674.942574068164,180187.14495930902,2613.797916424496,94898.01907238466,5668.807388163941,700387.4743326943,0.09540116159539473,0.0013604914960438526,5.8489695e-06,0.02406619,-5.2531136e-06,0.006647981,89.10290948275862,-49.95905,1371.0621,63.24134,281.6503,-3.3931808,367.23776,52.575912,84.237885,5.0932226,58.701836,19.3708,35.51484,7.9265537,63.929863,20.99552,58.767597,6.217036,43.78311,7.513669,40.709984,4.183733,30.207218,8.230567,33.056797,1.1525189,16.674706,0.8879965,18.290123,-4.33088,20.020803,1.9555922,18.990974,-6.7240257,20.517723,3.980479,16.038715,1.7591385,18.683266,1.3077512,20.439163,metal
metal.00194.wav,661500,0.4934751,0.06581074,0.30261368,0.0038712593,2546.601872165202,235905.40241245576,2518.5843615516787,38371.67170888645,5377.350817228618,669414.0178766676,0.10882662841041021,0.0031012487545586474,-6.8754484e-06,0.05639092,-4.735034e-05,0.011836244,99.38401442307692,18.097118,5368.7207,80.34884,396.40933,-14.826495,62.97956,23.602884,45.015766,-5.278354,53.67531,14.928389,42.808777,3.0599568,36.454502,13.763506,45.133038,9.190547,29.76791,12.491679,27.337587,2.749822,25.576984,7.8715534,23.58768,-0.73165786,17.58613,0.5138433,21.687088,-3.7484667,18.141768,2.012846,26.795816,-2.9453983,17.955124,4.9047685,21.554817,-0.08097186,27.249151,0.46054414,27.672728,metal
metal.00195.wav,661500,0.45967442,0.07887661,0.2694004,0.0038213339,1717.94502652045,90389.03809313879,2117.954529281353,103303.7523090312,3632.628033995259,536248.658346958,0.05322719136996904,0.0005745758376521762,2.2589385e-05,0.053687282,3.5278328e-05,0.006343876,95.703125,-46.833664,1359.6672,113.2068,296.44324,-19.230207,337.0886,39.618374,80.73142,20.348927,60.894398,15.519259,37.6147,9.1197605,37.662,13.253522,37.364544,-12.521272,19.021793,3.3157616,29.81221,-1.7931471,15.257084,0.0034621153,26.073118,-1.02005,20.725174,1.2371331,20.870726,-7.4356375,25.21658,3.1145957,46.97932,-5.944209,24.240925,2.508215,24.681292,3.1137538,29.747185,-1.1759086,29.519169,metal
metal.00196.wav,661500,0.49790028,0.07154177,0.2786346,0.0045709447,2975.2263302417377,725127.8066194133,2625.2988737962837,72076.52364661141,5931.205801476635,1253225.846214256,0.12835145365712075,0.011234452116372747,1.3240275e-05,0.05794914,0.00025015464,0.008085628,151.99908088235293,0.69965184,2220.2173,56.316563,1105.0674,-13.266656,187.5162,37.469036,162.26933,7.975618,74.224625,15.475743,54.363052,-0.54522824,34.54873,3.9446557,34.13636,5.557104,46.67642,9.26084,48.84106,6.5362024,37.211765,9.469662,25.121214,-3.605748,23.123407,-0.05756494,25.481745,-5.8268695,21.649689,5.2557945,19.276814,-4.2959065,24.568838,3.6825914,32.32703,1.7254945,31.925129,4.647458,22.23644,metal
metal.00197.wav,661500,0.47479385,0.072783984,0.20335586,0.0029652882,1913.1499197297421,1037518.0476679481,2224.6286816269912,580993.1049880153,4218.182826558872,5491054.7849156745,0.06309787998258513,0.0017904912183751155,5.841622e-06,0.025319574,0.00012829376,0.0073437435,129.19921875,-103.01311,12168.673,103.96515,2069.4836,1.3771753,453.54605,32.56653,162.88931,14.692797,94.39653,20.360464,52.974052,11.639038,73.09197,14.75927,58.456078,5.3983974,44.924625,10.405289,47.857708,9.188189,73.133354,12.788703,63.66901,2.6005778,53.917835,2.4106698,33.1254,-2.283657,78.0437,4.178402,45.688423,-0.41720816,39.016254,3.6400952,34.636135,-1.6754134,37.67211,4.701301,48.07368,metal
metal.00198.wav,661500,0.49153998,0.08110595,0.19596566,0.006763408,2669.840391633227,634187.6291291859,2440.7347633649306,187543.0307079344,5366.409216724313,2295389.7625309033,0.1275608310758514,0.004528153922918467,-9.123586e-06,0.016835265,6.0847167e-05,0.011574884,123.046875,-32.534725,5120.3306,74.880455,1274.2157,-27.207771,785.92413,18.180696,208.39876,0.72110295,375.74545,12.092676,255.96416,-3.104022,241.58194,4.721147,144.10219,-2.264919,120.024864,1.9870483,124.79173,-3.744707,100.56147,5.268131,97.70997,-1.6516448,78.766045,-0.26504946,51.490856,-6.018395,48.327927,0.23011595,31.34654,-4.904932,32.084488,-0.054780707,30.428696,-1.3810776,48.3294,1.658013,51.778965,metal
metal.00199.wav,661500,0.55999684,0.07522314,0.26403204,0.00686104,3224.0737362791156,527274.0716670756,2822.5125041402584,37094.46840302567,6548.543735185275,999456.2425353521,0.1373317470491486,0.011581537840180777,-2.1481474e-05,0.051139396,0.00023385297,0.00893964,123.046875,-25.842646,16497.115,48.900463,326.4309,-3.4496288,128.59483,32.503605,110.72346,7.8703623,61.705482,16.85147,76.06919,5.865839,43.585663,13.668469,55.230953,8.155809,42.789406,7.2971673,32.662277,2.2631657,22.986448,8.953801,36.527004,-1.7239108,19.67368,2.5058336,17.597563,-0.9815364,17.123842,7.8253593,22.118969,-1.8409466,18.96425,1.0729408,13.398779,1.7417684,17.835865,2.0692675,19.631016,metal
